year,destination_port,ship_count,latitude,longitude
1874,London,4144,51.5073509000001,-0.127758299999982
1875,London,3816,51.5073509000001,-0.127758299999982
1876,Grimsby,4,53.5674710000001,-0.0807839999998805
1876,Greenock,3,55.9505077629267,-4.75971798437838
1877,Dundee,2759,56.4612028818325,-2.96765932817017
1877,Liverpool,463,53.4083714,-2.99157259999998
1877,Bristol,298,51.4545130000001,-2.58790999999997
1877,Greenock,278,55.9505077629267,-4.75971798437838
1877,Wick,257,58.4430600485415,-3.09285166137693
1877,Borrowstounness,243,56.0191848626102,-3.60281840209956
1877,Inverness,99,57.4827277738256,-4.22737025390621
1877,Poole,85,50.7150500000001,-1.98724800000002
1877,Tyne,68,55.0179189721861,-1.42556335449211
1877,Grimsby,65,53.5674710000001,-0.0807839999998805
1877,FIFE,46,,
1877,Lerwick,34,,
1877,Montrose,25,56.7213304436428,-2.46576667724605
1877,BREMEN,22,,
1877,Newry,17,54.1483756060001,-6.32235385399997
1877,London,9,51.5073509000001,-0.127758299999982
1877,NEW YORK,7,,
1877,DUMFRIES,3,,
1878,QUEBEC,33,,
1878,Bristol,25,51.4545130000001,-2.58790999999997
1879,London,1579,51.5073509000001,-0.127758299999982
1879,Lynn,1150,52.7516798,0.402296300000103
1879,Liverpool,1027,53.4083714,-2.99157259999998
1879,Bristol,572,51.4545130000001,-2.58790999999997
1879,Grimsby,448,53.5674710000001,-0.0807839999998805
1879,Poole,303,50.7150500000001,-1.98724800000002
1879,Greenock,215,55.9505077629267,-4.75971798437838
1879,Dundee,211,56.4612028818325,-2.96765932817017
1879,Borrowstounness,142,56.0191848626102,-3.60281840209956
1879,Goole,119,53.7029410000001,-0.876380999999981
1879,JOINERY,55,,
1879,Tyne,39,55.0179189721861,-1.42556335449211
1879,PEMBROKE,30,,
1879,NEWCASTLE-ON-TYNE,29,54.978252,-1.61777999999998
1879,Newport,25,51.584151,-2.99766399999993
1879,BURRYPORT,25,51.6827160162001,-4.24937562131073
1879,Hartlepool (West),20,54.6917449999999,-1.21292600000004
1879,Hull,19,53.7456708999999,-0.336741299999971
1879,Southampton,11,50.9097004,-1.40435090000005
1879,Sunderland,11,54.9068690000001,-1.38380099999989
1879,Yarmouth,11,52.1084745429551,1.33582938769132
1879,Swansea,7,51.62144,-3.94364599999994
1879,Cardiff,5,51.4815810000001,-3.17908999999992
1879,BARROW-IN-FURNESS,4,54.1089670000001,-3.21889399999998
1879,AUGU,4,,
1879,Maldon,1,51.7318050000001,0.671448000000169
1879,AT AVONMOUTH DOCKS,1,,
1879,Whitby,1,54.4863350000001,-0.613346999999919
1879,BURRY PORT,1,51.6827160162001,-4.24937562131073
1880,London,52,51.5073509000001,-0.127758299999982
1880,Newport,52,51.584151,-2.99766399999993
1880,Liverpool,39,53.4083714,-2.99157259999998
1880,Bristol,38,51.4545130000001,-2.58790999999997
1880,Tyne,21,55.0179189721861,-1.42556335449211
1880,Leith,18,55.9765554947196,-3.16607291534422
1880,Grimsby,17,53.5674710000001,-0.0807839999998805
1880,Montrose,14,56.7213304436428,-2.46576667724605
1880,Greenock,14,55.9505077629267,-4.75971798437838
1880,Dundee,14,56.4612028818325,-2.96765932817017
1880,Alloa,12,56.1163031824617,-3.79518671321335
1880,Borrowstounness,11,56.0191848626102,-3.60281840209956
1880,Belfast,9,54.613523371,-5.90696169099994
1880,Glasgow,7,55.8582389117887,-4.24254728271348
1880,Swansea,6,51.62144,-3.94364599999994
1880,Dublin,6,53.346388727,-6.21662037199997
1880,Grangemouth,5,56.0086943296901,-3.71710520629876
1880,Fraserburgh,5,,
1880,London (Millwall Docks),5,51.5073509000001,-0.127758299999982
1880,Middlesbrough,5,54.5742270000001,-1.23495600000001
1880,Plymouth,4,50.3754565,-4.14265649999993
1880,Southampton,4,50.9097004,-1.40435090000005
1880,Lerwick,4,,
1880,Lynn,4,52.7516798,0.402296300000103
1880,Peterhead,4,57.5065199884148,-1.79653335449211
1880,Aberdeen,4,57.1453346208669,-2.10306332275388
1880,Yarmouth,4,52.1084745429551,1.33582938769132
1880,Ayr,4,55.4703747229195,-4.63760140747054
1880,Newhaven,3,50.79307,0.0455740000000446
1880,Sunderland,3,54.9068690000001,-1.38380099999989
1880,Wisbech,3,52.666317,0.158797000000163
1880,Cork,3,51.9014959520001,-8.44685895399994
1880,Troon,3,55.5444127055824,-4.67361271972649
1880,Hull,2,53.7456708999999,-0.336741299999971
1880,Limerick,2,,
1880,Maryport,2,54.714441,-3.49494000000004
1880,Granton,2,,
1880,Hartlepool (West),2,54.6917449999999,-1.21292600000004
1880,Dundalk,2,,
1880,Kirkcaldy,2,56.109236880424,-3.16149504760739
1880,KIRKWALL,2,,
1880,London (Victoria Dock),2,51.5073509000001,-0.127758299999982
1880,Rochester,2,51.3880000000001,0.506721000000084
1880,Londonderry,2,55.0114105220001,-7.30041944099997
1880,Perth,2,56.3958320136505,-3.43183501586907
1880,Newry,2,54.1483756060001,-6.32235385399997
1880,Goole,2,53.7029410000001,-0.876380999999981
1880,Fowey,1,50.3349900000001,-4.63652499999995
1880,Gloucester,1,51.8642449,-2.23815599999989
1880,Exeter,1,50.7184120000001,-3.53389899999991
1880,Chester,1,53.1933920000001,-2.8930749999999
1880,STRANRAER,1,54.9057043138819,-5.01757162963861
1880,Cardiff,1,51.4815810000001,-3.17908999999992
1880,Beaumaris,1,53.2658650000001,-4.09199000000001
1880,Galway,1,53.269014434,-9.04777257699993
1880,WESTPORT,1,,
1880,ROYAL ALBERT DOCK,1,,
1880,London (Hanover Hole),1,51.5073509000001,-0.127758299999982
1880,Portsmouth,1,50.8197675000001,-1.0879769
1880,Llanelly,1,51.680886,-4.16024800000002
1880,London (West India Docks),1,51.5073509000001,-0.127758299999982
1880,Penzance,1,50.118798,-5.53759199999996
1880,Waterford,1,,
1880,London (Victoria Docks),1,51.5073509000001,-0.127758299999982
1880,London (Regent's Canal Docks),1,51.5073509000001,-0.127758299999982
1880,Wexford,1,52.3386830540001,-6.45647567999993
1880,Inverness,1,57.4827277738256,-4.22737025390621
1880,London (Royal Albert Docks),1,51.5073509000001,-0.127758299999982
1880,GRAYS,1,,
1880,Northfleet,1,,
1880,Port Glasgow,1,,
1880,Poole,1,50.7150500000001,-1.98724800000002
1880,Shoreham,1,,
1880,Ardrossan,1,55.6481390173549,-4.80960840777251
1880,London (Other Docks and Wharves),1,51.5073509000001,-0.127758299999982
1880,Banff,1,,
1881,London,1688,51.5073509000001,-0.127758299999982
1881,Grimsby,1674,53.5674710000001,-0.0807839999998805
1881,Liverpool,1525,53.4083714,-2.99157259999998
1881,Tyne,1238,55.0179189721861,-1.42556335449211
1881,Newport,1220,51.584151,-2.99766399999993
1881,Bristol,745,51.4545130000001,-2.58790999999997
1881,Dundee,640,56.4612028818325,-2.96765932817017
1881,Lynn,465,52.7516798,0.402296300000103
1881,Stockton,461,,
1881,Borrowstounness,410,56.0191848626102,-3.60281840209956
1881,Greenock,376,55.9505077629267,-4.75971798437838
1881,Poole,368,50.7150500000001,-1.98724800000002
1881,Inverness,224,57.4827277738256,-4.22737025390621
1881,Wick,201,58.4430600485415,-3.09285166137693
1881,Montrose,193,56.7213304436428,-2.46576667724605
1881,Newry,180,54.1483756060001,-6.32235385399997
1881,Sligo,165,54.277488562,-8.48034919799994
1881,Berwick,159,55.7702420000001,-2.00539499999996
1881,Dublin,122,53.346388727,-6.21662037199997
1881,Fowey,105,50.3349900000001,-4.63652499999995
1881,Fleetwood,104,53.9154477593217,-3.01331410565124
1881,Middlesbrough,76,54.5742270000001,-1.23495600000001
1881,Runcorn,76,53.3420780000001,-2.72967299999999
1881,Goole,65,53.7029410000001,-0.876380999999981
1881,Wexford,58,52.3386830540001,-6.45647567999993
1881,Cork,58,51.9014959520001,-8.44685895399994
1881,Dover,58,51.1278758,1.31340270000004
1881,RYE,51,50.949708,0.737260000000049
1881,NEW BRUNSWICK LUMBER PROSPECTS,44,,
1881,Exeter,42,50.7184120000001,-3.53389899999991
1881,Limerick,42,,
1881,Sunderland,39,54.9068690000001,-1.38380099999989
1881,Londonderry,39,55.0114105220001,-7.30041944099997
1881,Truro,36,50.2631950000001,-5.05104099999994
1881,Swansea,35,51.62144,-3.94364599999994
1881,Boston,34,52.9789400000001,-0.0265769999999748
1881,SEPTEMBER,31,,
1881,Milford,30,,
1881,Hartlepool (West),30,54.6917449999999,-1.21292600000004
1881,BRIDPORT,27,50.7335769,-2.7583009999999
1881,Cardiff,26,51.4815810000001,-3.17908999999992
1881,Lerwick,26,,
1881,Southampton,23,50.9097004,-1.40435090000005
1881,Leith,23,55.9765554947196,-3.16607291534422
1881,SKIBBEREEN,23,,
1881,WOODBRIDGE,23,52.095481,1.31257099999993
1881,Glasgow,22,55.8582389117887,-4.24254728271348
1881,Plymouth,19,50.3754565,-4.14265649999993
1881,Wisbech,19,52.666317,0.158797000000163
1881,Troon,18,55.5444127055824,-4.67361271972649
1881,Yarmouth,18,52.1084745429551,1.33582938769132
1881,Granton,17,,
1881,Cowes,17,50.7627850000001,-1.30053299999997
1881,Shoreham,16,,
1881,Workington,16,54.643569,-3.54275200000001
1881,Aberdeen,15,57.1453346208669,-2.10306332275388
1881,Rochester,15,51.3880000000001,0.506721000000084
1881,SUTTON BRIDGE,15,,
1881,Grangemouth,14,56.0086943296901,-3.71710520629876
1881,Hull,13,53.7456708999999,-0.336741299999971
1881,Alloa,13,56.1163031824617,-3.79518671321335
1881,Belfast,12,54.613523371,-5.90696169099994
1881,Portsmouth,12,50.8197675000001,-1.0879769
1881,E. U,12,,
1881,ITEMS,12,,
1881,Newhaven,11,50.79307,0.0455740000000446
1881,Gloucester,10,51.8642449,-2.23815599999989
1881,Lowestoft,8,52.481138,1.75344900000016
1881,Maryport,8,54.714441,-3.49494000000004
1881,Barrow,8,,
1881,BUCKIE,7,,
1881,Llanelly,6,51.680886,-4.16024800000002
1881,BUILDERS' CLERKS' BENEVOLENT INSTITUTION,6,,
1881,Kirkcaldy,5,56.109236880424,-3.16149504760739
1881,WIGTOWN,5,54.8676447222298,-4.44449749206541
1881,Carnavon,5,53.1432579104494,-4.27657175134273
1881,DOCK DELIVERIES,5,,
1881,Maldon,4,51.7318050000001,0.671448000000169
1881,Waterford,4,,
1881,Ramsgate,4,51.3355450000001,1.41989499999994
1881,Whitehaven,4,54.5496990000001,-3.58923300000004
1881,BIDEFORD,4,51.0166840000001,-4.20666599999998
1881,WELLS,4,51.209347,-2.64459790000001
1881,Ipswich,3,52.056736,1.14822000000004
1881,Harwich,3,51.9347310000001,1.26029700000004
1881,Peterhead,3,57.5065199884148,-1.79653335449211
1881,Chester,3,53.1933920000001,-2.8930749999999
1881,Beaumaris,3,53.2658650000001,-4.09199000000001
1881,Galway,3,53.269014434,-9.04777257699993
1881,Ayr,3,55.4703747229195,-4.63760140747054
1881,MEMEL FIR,3,,
1881,LYTTELTON,3,,
1881,Lancaster,2,54.046575,-2.8007399
1881,J. G. W-[?],2,,
1881,Teignmouth,2,50.5470330000001,-3.49668799999984
1881,Perth,2,56.3958320136505,-3.43183501586907
1881,KIRKWALL,2,,
1881,COLERAINE,2,,
1881,Penzance,2,50.118798,-5.53759199999996
1881,Scarborough,2,54.283113,-0.399751999999978
1881,Fraserburgh,2,,
1881,DARTMOUTH,2,50.352517,-3.57880699999998
1881,Colchester,2,51.895927,0.891874000000087
1881,Ardrossan,2,55.6481390173549,-4.80960840777251
1881,Banff,2,,
1881,DECEMBER,2,,
1881,Bridgwater,1,51.1326558933295,-3.00590651324461
1881,-R. W. [?],1,,
1881,Arbroath,1,56.5628888704369,-2.59099889825813
1881,ST. DAVID'S,1,,
1881,Aberystwith,1,,
1881,Dundalk,1,,
1881,DROGHEDA,1,,
1881,Littlehampton,1,50.811057,-0.538660899999968
1881,Whitby,1,54.4863350000001,-0.613346999999919
1881,Ramsey (Isle Of Man),1,,
1881,Barnstaple,1,51.0784564808267,-4.06095583599865
1881,Folkestone,1,51.081397,1.16945599999991
1881,FORT GLASGOW,1,,
1881,Tralee,1,,
1881,DIVIDEND,1,,
1881,NEW ROSS,1,,
1882,Liverpool,34,53.4083714,-2.99157259999998
1882,Bristol,33,51.4545130000001,-2.58790999999997
1882,Grimsby,27,53.5674710000001,-0.0807839999998805
1882,Tyne,6,55.0179189721861,-1.42556335449211
1882,Exeter,6,50.7184120000001,-3.53389899999991
1882,London,5,51.5073509000001,-0.127758299999982
1882,Plymouth,5,50.3754565,-4.14265649999993
1882,Newport,4,51.584151,-2.99766399999993
1882,Swansea,4,51.62144,-3.94364599999994
1882,Hull,4,53.7456708999999,-0.336741299999971
1882,Shoreham,3,,
1882,Sunderland,3,54.9068690000001,-1.38380099999989
1882,Portsmouth,3,50.8197675000001,-1.0879769
1882,Dover,3,51.1278758,1.31340270000004
1882,Newhaven,2,50.79307,0.0455740000000446
1882,Southampton,2,50.9097004,-1.40435090000005
1882,Penzance,2,50.118798,-5.53759199999996
1882,BIDEFORD,2,51.0166840000001,-4.20666599999998
1882,Stockton,1,,
1882,Middlesbrough,1,54.5742270000001,-1.23495600000001
1882,RYE,1,50.949708,0.737260000000049
1882,Lynn,1,52.7516798,0.402296300000103
1882,Maryport,1,54.714441,-3.49494000000004
1882,Montrose,1,56.7213304436428,-2.46576667724605
1883,London,1986,51.5073509000001,-0.127758299999982
1883,Grimsby,1966,53.5674710000001,-0.0807839999998805
1883,Liverpool,1558,53.4083714,-2.99157259999998
1883,Tyne,1424,55.0179189721861,-1.42556335449211
1883,Newport,959,51.584151,-2.99766399999993
1883,Dundee,834,56.4612028818325,-2.96765932817017
1883,Bristol,759,51.4545130000001,-2.58790999999997
1883,Borrowstounness,575,56.0191848626102,-3.60281840209956
1883,Poole,515,50.7150500000001,-1.98724800000002
1883,Lynn,370,52.7516798,0.402296300000103
1883,Inverness,368,57.4827277738256,-4.22737025390621
1883,Greenock,366,55.9505077629267,-4.75971798437838
1883,Wick,302,58.4430600485415,-3.09285166137693
1883,Stockton,240,,
1883,Montrose,202,56.7213304436428,-2.46576667724605
1883,Dublin,157,53.346388727,-6.21662037199997
1883,Sligo,140,54.277488562,-8.48034919799994
1883,Goole,136,53.7029410000001,-0.876380999999981
1883,Fowey,131,50.3349900000001,-4.63652499999995
1883,Fleetwood,129,53.9154477593217,-3.01331410565124
1883,Wexford,95,52.3386830540001,-6.45647567999993
1883,Londonderry,83,55.0114105220001,-7.30041944099997
1883,Exeter,75,50.7184120000001,-3.53389899999991
1883,Cork,74,51.9014959520001,-8.44685895399994
1883,Limerick,73,,
1883,Troon,64,55.5444127055824,-4.67361271972649
1883,Dover,61,51.1278758,1.31340270000004
1883,Boston,50,52.9789400000001,-0.0265769999999748
1883,Newry,50,54.1483756060001,-6.32235385399997
1883,Workington,49,54.643569,-3.54275200000001
1883,Leith,45,55.9765554947196,-3.16607291534422
1883,Milford,41,,
1883,WIGTOWN,32,54.8676447222298,-4.44449749206541
1883,Glasgow,30,55.8582389117887,-4.24254728271348
1883,Berwick,30,55.7702420000001,-2.00539499999996
1883,FOR LONDON,28,,
1883,Grangemouth,26,56.0086943296901,-3.71710520629876
1883,Truro,26,50.2631950000001,-5.05104099999994
1883,Alloa,25,56.1163031824617,-3.79518671321335
1883,Cardiff,25,51.4815810000001,-3.17908999999992
1883,Runcorn,23,53.3420780000001,-2.72967299999999
1883,Granton,20,,
1883,Lerwick,20,,
1883,Hull,19,53.7456708999999,-0.336741299999971
1883,Hartlepool (West),17,54.6917449999999,-1.21292600000004
1883,Sunderland,17,54.9068690000001,-1.38380099999989
1883,Swansea,15,51.62144,-3.94364599999994
1883,DIVIDEND,14,,
1883,Middlesbrough,13,54.5742270000001,-1.23495600000001
1883,Cowes,13,50.7627850000001,-1.30053299999997
1883,Kirkcaldy,12,56.109236880424,-3.16149504760739
1883,Gloucester,9,51.8642449,-2.23815599999989
1883,Yarmouth,8,52.1084745429551,1.33582938769132
1883,Aberdeen,8,57.1453346208669,-2.10306332275388
1883,Barrow,8,,
1883,Southampton,8,50.9097004,-1.40435090000005
1883,Newhaven,8,50.79307,0.0455740000000446
1883,Chester,7,53.1933920000001,-2.8930749999999
1883,Llanelly,7,51.680886,-4.16024800000002
1883,Ayr,7,55.4703747229195,-4.63760140747054
1883,Peterhead,7,57.5065199884148,-1.79653335449211
1883,Belfast,6,54.613523371,-5.90696169099994
1883,Wisbech,6,52.666317,0.158797000000163
1883,Whitehaven,6,54.5496990000001,-3.58923300000004
1883,KIRKWALL,5,,
1883,Plymouth,5,50.3754565,-4.14265649999993
1883,Arbroath,5,56.5628888704369,-2.59099889825813
1883,Banff,4,,
1883,Fraserburgh,4,,
1883,Bridgwater,4,51.1326558933295,-3.00590651324461
1883,Folkestone,4,51.081397,1.16945599999991
1883,Rochester,4,51.3880000000001,0.506721000000084
1883,FIUME,4,,
1883,Carnavon,3,53.1432579104494,-4.27657175134273
1883,Falmouth,3,50.152571,-5.06627000000003
1883,Beaumaris,3,53.2658650000001,-4.09199000000001
1883,Penzance,3,50.118798,-5.53759199999996
1883,Colchester,3,51.895927,0.891874000000087
1883,Ipswich,3,52.056736,1.14822000000004
1883,Waterford,3,,
1883,Lowestoft,3,52.481138,1.75344900000016
1883,SEND FOR COPY,3,,
1883,Aberystwith,2,,
1883,Faversham,2,51.3174325831495,0.888274418029924
1883,"PATENTEE AND MANUFACTURER,",2,,
1883,Dundalk,2,,
1883,Galway,2,53.269014434,-9.04777257699993
1883,Shoreham,2,,
1883,Cardigan,2,52.083703,-4.66086399999989
1883,Douglas,2,54.1474883509337,-4.47930775924688
1883,Portsmouth,2,50.8197675000001,-1.0879769
1883,WESTPORT,2,,
1883,Weymouth,1,50.6144279,-2.45762099999996
1883,Whitby,1,54.4863350000001,-0.613346999999919
1883,Port Glasgow,1,,
1883,COLERAINE,1,,
1883,Maryport,1,54.714441,-3.49494000000004
1883,Lancaster,1,54.046575,-2.8007399
1883,Littlehampton,1,50.811057,-0.538660899999968
1883,Ramsgate,1,51.3355450000001,1.41989499999994
1883,Scarborough,1,54.283113,-0.399751999999978
1883,Tralee,1,,
1883,Teignmouth,1,50.5470330000001,-3.49668799999984
1883,Ardrossan,1,55.6481390173549,-4.80960840777251
1883,MAURICE GANDY,1,,
1883,STRANRAER,1,54.9057043138819,-5.01757162963861
1883,SKIBBEREEN,1,,
1883,N DRIVING BELT,1,,
1883,F. W. REYNOLDS & CO. LONDON,1,,
1884,Liverpool,111,53.4083714,-2.99157259999998
1884,London,87,51.5073509000001,-0.127758299999982
1884,Newport,68,51.584151,-2.99766399999993
1884,Tyne,67,55.0179189721861,-1.42556335449211
1884,Dundee,63,56.4612028818325,-2.96765932817017
1884,Bristol,54,51.4545130000001,-2.58790999999997
1884,Grimsby,34,53.5674710000001,-0.0807839999998805
1884,Cork,23,51.9014959520001,-8.44685895399994
1884,Goole,20,53.7029410000001,-0.876380999999981
1884,Borrowstounness,15,56.0191848626102,-3.60281840209956
1884,Greenock,15,55.9505077629267,-4.75971798437838
1884,Poole,14,50.7150500000001,-1.98724800000002
1884,Inverness,13,57.4827277738256,-4.22737025390621
1884,Lynn,10,52.7516798,0.402296300000103
1884,Stockton,9,,
1884,Fleetwood,5,53.9154477593217,-3.01331410565124
1884,Sligo,4,54.277488562,-8.48034919799994
1884,Wick,3,58.4430600485415,-3.09285166137693
1884,Exeter,3,50.7184120000001,-3.53389899999991
1884,Swansea,2,51.62144,-3.94364599999994
1884,Montrose,2,56.7213304436428,-2.46576667724605
1884,Sunderland,2,54.9068690000001,-1.38380099999989
1884,Plymouth,2,50.3754565,-4.14265649999993
1884,Newry,2,54.1483756060001,-6.32235385399997
1884,Milford,2,,
1884,Truro,2,50.2631950000001,-5.05104099999994
1884,Londonderry,2,55.0114105220001,-7.30041944099997
1884,Kirkcaldy,1,56.109236880424,-3.16149504760739
1884,Leith,1,55.9765554947196,-3.16607291534422
1884,Belfast,1,54.613523371,-5.90696169099994
1884,Alloa,1,56.1163031824617,-3.79518671321335
1884,Southampton,1,50.9097004,-1.40435090000005
1884,Glasgow,1,55.8582389117887,-4.24254728271348
1884,Grangemouth,1,56.0086943296901,-3.71710520629876
1884,Wisbech,1,52.666317,0.158797000000163
1884,Dover,1,51.1278758,1.31340270000004
1884,Dublin,1,53.346388727,-6.21662037199997
1885,London,2021,51.5073509000001,-0.127758299999982
1885,Grimsby,1929,53.5674710000001,-0.0807839999998805
1885,Liverpool,1393,53.4083714,-2.99157259999998
1885,Tyne,1078,55.0179189721861,-1.42556335449211
1885,Bristol,962,51.4545130000001,-2.58790999999997
1885,Newport,917,51.584151,-2.99766399999993
1885,Dundee,850,56.4612028818325,-2.96765932817017
1885,Poole,479,50.7150500000001,-1.98724800000002
1885,Stockton,362,,
1885,Borrowstounness,347,56.0191848626102,-3.60281840209956
1885,Greenock,292,55.9505077629267,-4.75971798437838
1885,Lynn,269,52.7516798,0.402296300000103
1885,Inverness,264,57.4827277738256,-4.22737025390621
1885,Goole,261,53.7029410000001,-0.876380999999981
1885,Dublin,177,53.346388727,-6.21662037199997
1885,Montrose,133,56.7213304436428,-2.46576667724605
1885,Wick,121,58.4430600485415,-3.09285166137693
1885,Newry,118,54.1483756060001,-6.32235385399997
1885,Fleetwood,113,53.9154477593217,-3.01331410565124
1885,BORDEN,102,,
1885,Fowey,96,50.3349900000001,-4.63652499999995
1885,Cork,94,51.9014959520001,-8.44685895399994
1885,Boston,92,52.9789400000001,-0.0265769999999748
1885,Exeter,91,50.7184120000001,-3.53389899999991
1885,Deptford,84,,
1885,Sligo,79,54.277488562,-8.48034919799994
1885,Londonderry,70,55.0114105220001,-7.30041944099997
1885,Truro,61,50.2631950000001,-5.05104099999994
1885,Wexford,57,52.3386830540001,-6.45647567999993
1885,Dover,54,51.1278758,1.31340270000004
1885,...GOOLE,52,,
1885,Lerwick,50,,
1885,Limerick,49,,
1885,Workington,39,54.643569,-3.54275200000001
1885,London (Silvertown),30,51.5073509000001,-0.127758299999982
1885,LONDON. DOCKS,28,,
1885,London (London. Docks),27,51.5073509000001,-0.127758299999982
1885,N BELTING,26,,
1885,TILBURY,23,,
1885,Cowes,22,50.7627850000001,-1.30053299999997
1885,TOWER,22,,
1885,Troon,21,55.5444127055824,-4.67361271972649
1885,Milford,20,,
1885,Cliffe,18,,
1885,Berwick,17,55.7702420000001,-2.00539499999996
1885,PORT CLYDE,15,,
1885,EVIE,15,,
1885,WEMYSS,14,,
1885,LOOE,13,50.3570286798092,-4.45492833862304
1885,N.W.R,13,,
1885,OLE COURT,13,,
1885,SECURED,13,,
1885,London (Surrey Commercial Docks),13,51.5073509000001,-0.127758299999982
1885,CLIFF'S CREEK,12,,
1885,INVERGORDON,11,57.6878475545925,-4.16644392846346
1885,BIDEFORD,11,51.0166840000001,-4.20666599999998
1885,BOWEN'S STOURBRIDGE,10,,
1885,FIRE IN LONDON,7,,
1885,CORRECTION,7,,
1885,OXFORD,6,51.7520208999999,-1.2577263
1885,RECEIVING ORDERS,6,,
1885,London (Government Dock Buoys),6,51.5073509000001,-0.127758299999982
1885,TOTNES,5,,
1885,ENSE BELTS,5,,
1885,UBLIN,4,,
1885,TION WRITE TO,4,,
1885,EKS WYZED,4,,
1885,TUNNEL PIER,4,,
1885,SPECIMEN,4,,
1885,London (Tilbury Docks),4,51.5073509000001,-0.127758299999982
1885,ROSCOMMON,4,,
1885,WISEBECK,3,,
1885,BUILDING,3,,
1885,TENBY,3,,
1885,OWEN'S STOURBRIDGE,2,,
1885,LYME,2,,
1885,ST. IVES,2,50.2103283749618,-5.48563635581966
1885,ILESBOURN,2,,
1885,ST. LOW,2,,
1885,WRITE TO,2,,
1885,BORROWSTOWNESS,2,,
1885,SKIBBEREEN,2,,
1885,GOVERNMENT DOCK BUOYS,2,,
1885,PORSTOWN,2,,
1885,BOULOGNE,2,,
1885,ENGINEERS,1,,
1885,OUTPORTS,1,,
1885,Irvine,1,55.618333779517,-4.65659498413083
1885,LYTTLETON,1,,
1885,MORRIS'S,1,,
1886,Liverpool,60,53.4083714,-2.99157259999998
1886,London,38,51.5073509000001,-0.127758299999982
1886,Newport,30,51.584151,-2.99766399999993
1886,Bristol,25,51.4545130000001,-2.58790999999997
1886,Grimsby,24,53.5674710000001,-0.0807839999998805
1886,Tyne,22,55.0179189721861,-1.42556335449211
1886,Dundee,16,56.4612028818325,-2.96765932817017
1886,Montrose,6,56.7213304436428,-2.46576667724605
1886,Goole,4,53.7029410000001,-0.876380999999981
1886,London (Surrey Commercial Docks),3,51.5073509000001,-0.127758299999982
1886,Greenock,3,55.9505077629267,-4.75971798437838
1886,Cardiff,3,51.4815810000001,-3.17908999999992
1886,Borrowstounness,3,56.0191848626102,-3.60281840209956
1886,Glasgow,2,55.8582389117887,-4.24254728271348
1886,Leith,2,55.9765554947196,-3.16607291534422
1886,Hartlepool (West),2,54.6917449999999,-1.21292600000004
1886,London (Millwall Docks),2,51.5073509000001,-0.127758299999982
1886,London (Victoria Docks),2,51.5073509000001,-0.127758299999982
1886,London (Royal Albert Docks),2,51.5073509000001,-0.127758299999982
1886,Sunderland,2,54.9068690000001,-1.38380099999989
1886,Hull,2,53.7456708999999,-0.336741299999971
1886,Middlesbrough,2,54.5742270000001,-1.23495600000001
1886,Swansea,2,51.62144,-3.94364599999994
1886,Dublin,2,53.346388727,-6.21662037199997
1886,Southampton,1,50.9097004,-1.40435090000005
1886,Bridgwater,1,51.1326558933295,-3.00590651324461
1886,Folkestone,1,51.081397,1.16945599999991
1886,Londonderry,1,55.0114105220001,-7.30041944099997
1886,Belfast,1,54.613523371,-5.90696169099994
1886,Carnavon,1,53.1432579104494,-4.27657175134273
1886,Plymouth,1,50.3754565,-4.14265649999993
1886,Douglas,1,54.1474883509337,-4.47930775924688
1886,TILBURY,1,,
1887,Grimsby,1919,53.5674710000001,-0.0807839999998805
1887,London,1848,51.5073509000001,-0.127758299999982
1887,Liverpool,1443,53.4083714,-2.99157259999998
1887,Tyne,1174,55.0179189721861,-1.42556335449211
1887,Dundee,889,56.4612028818325,-2.96765932817017
1887,Bristol,874,51.4545130000001,-2.58790999999997
1887,Newport,686,51.584151,-2.99766399999993
1887,Poole,641,50.7150500000001,-1.98724800000002
1887,Borrowstounness,387,56.0191848626102,-3.60281840209956
1887,Greenock,259,55.9505077629267,-4.75971798437838
1887,Lynn,233,52.7516798,0.402296300000103
1887,London (Tilbury Docks),202,51.5073509000001,-0.127758299999982
1887,Boston,189,52.9789400000001,-0.0265769999999748
1887,Fleetwood,186,53.9154477593217,-3.01331410565124
1887,Inverness,172,57.4827277738256,-4.22737025390621
1887,Sligo,154,54.277488562,-8.48034919799994
1887,Wick,136,58.4430600485415,-3.09285166137693
1887,Dublin,127,53.346388727,-6.21662037199997
1887,Montrose,127,56.7213304436428,-2.46576667724605
1887,Stockton,113,,
1887,Newry,87,54.1483756060001,-6.32235385399997
1887,Goole,84,53.7029410000001,-0.876380999999981
1887,London (Deptford Buoys),71,51.5073509000001,-0.127758299999982
1887,Fowey,70,50.3349900000001,-4.63652499999995
1887,Londonderry,56,55.0114105220001,-7.30041944099997
1887,Troon,53,55.5444127055824,-4.67361271972649
1887,London (London Docks),48,51.5073509000001,-0.127758299999982
1887,Exeter,47,50.7184120000001,-3.53389899999991
1887,Wexford,44,52.3386830540001,-6.45647567999993
1887,Cork,43,51.9014959520001,-8.44685895399994
1887,Limerick,38,,
1887,FOREIGN,31,,
1887,Truro,29,50.2631950000001,-5.05104099999994
1887,Dover,23,51.1278758,1.31340270000004
1887,Runcorn,23,53.3420780000001,-2.72967299999999
1887,Cowes,22,50.7627850000001,-1.30053299999997
1887,Milford,22,,
1887,Berwick,21,55.7702420000001,-2.00539499999996
1887,Lerwick,20,,
1887,Deptford,15,,
1887,Cliffe,15,,
1887,CLIFFE,11,,
1887,London (Silvertown),10,51.5073509000001,-0.127758299999982
1887,BURTON,8,,
1887,PURFLEET,8,,
1887,Goole (Tilbury Docks),7,53.7029410000001,-0.876380999999981
1887,SILVERTON,6,,
1887,WIGTOWN,5,54.8676447222298,-4.44449749206541
1887,Liverpool (Tilbury Docks),5,53.4083714,-2.99157259999998
1887,RECEIVING ORDERS,5,,
1887,UNSECURED,4,,
1887,ROLLS,4,,
1887,QUEENBORO',4,51.416139674537,0.742809298858174
1887,BOW CREEK,2,,
1887,QUEBEC DOCKS,2,,
1887,WRITE TO,1,,
1887,SCILLY,1,49.9277261,-6.32749660000002
1887,SKIBBEREEN,1,,
1887,SECURED,1,,
1887,Middlesbrough,1,54.5742270000001,-1.23495600000001
1887,CREDITOR FOR RENT,1,,
1888,Liverpool,45,53.4083714,-2.99157259999998
1888,Stockton,40,,
1888,Bristol,24,51.4545130000001,-2.58790999999997
1888,London (Tilbury Docks),19,51.5073509000001,-0.127758299999982
1888,Tyne,17,55.0179189721861,-1.42556335449211
1888,Borrowstounness,15,56.0191848626102,-3.60281840209956
1888,London,11,51.5073509000001,-0.127758299999982
1888,Dundee,9,56.4612028818325,-2.96765932817017
1888,Newport,7,51.584151,-2.99766399999993
1888,Swansea,6,51.62144,-3.94364599999994
1888,London (Millwall Docks),5,51.5073509000001,-0.127758299999982
1888,Sunderland,5,54.9068690000001,-1.38380099999989
1888,Cardiff,5,51.4815810000001,-3.17908999999992
1888,Rochester,3,51.3880000000001,0.506721000000084
1888,Newry,3,54.1483756060001,-6.32235385399997
1888,Boston,3,52.9789400000001,-0.0265769999999748
1888,Gloucester,2,51.8642449,-2.23815599999989
1888,Hull,2,53.7456708999999,-0.336741299999971
1888,Inverness,2,57.4827277738256,-4.22737025390621
1888,Whitehaven,1,54.5496990000001,-3.58923300000004
1888,London (Surrey Commercial Docks),1,51.5073509000001,-0.127758299999982
1888,Glasgow,1,55.8582389117887,-4.24254728271348
1888,Grangemouth,1,56.0086943296901,-3.71710520629876
1888,Hartlepool (West),1,54.6917449999999,-1.21292600000004
1888,Belfast,1,54.613523371,-5.90696169099994
1888,Alloa,1,56.1163031824617,-3.79518671321335
1888,Grimsby,1,53.5674710000001,-0.0807839999998805
1888,Lancaster,1,54.046575,-2.8007399
1888,Ipswich,1,52.056736,1.14822000000004
1888,JOINERY OF EVERY DESCRIPTION,1,,
1888,Limerick,1,,
1889,Grimsby,1765,53.5674710000001,-0.0807839999998805
1889,Liverpool,1448,53.4083714,-2.99157259999998
1889,London,1245,51.5073509000001,-0.127758299999982
1889,Dundee,1027,56.4612028818325,-2.96765932817017
1889,Tyne,1012,55.0179189721861,-1.42556335449211
1889,Newport,957,51.584151,-2.99766399999993
1889,Bristol,846,51.4545130000001,-2.58790999999997
1889,Borrowstounness,614,56.0191848626102,-3.60281840209956
1889,Poole,492,50.7150500000001,-1.98724800000002
1889,Greenock,314,55.9505077629267,-4.75971798437838
1889,London (Tilbury Docks),247,51.5073509000001,-0.127758299999982
1889,Stockton,247,,
1889,Fleetwood,246,53.9154477593217,-3.01331410565124
1889,Inverness,190,57.4827277738256,-4.22737025390621
1889,Lynn,187,52.7516798,0.402296300000103
1889,Montrose,148,56.7213304436428,-2.46576667724605
1889,Wick,137,58.4430600485415,-3.09285166137693
1889,Boston,135,52.9789400000001,-0.0265769999999748
1889,Fowey,122,50.3349900000001,-4.63652499999995
1889,Dublin,120,53.346388727,-6.21662037199997
1889,Goole,88,53.7029410000001,-0.876380999999981
1889,Sligo,81,54.277488562,-8.48034919799994
1889,London (Deptford Buoys),67,51.5073509000001,-0.127758299999982
1889,Leith,66,55.9765554947196,-3.16607291534422
1889,Cork,60,51.9014959520001,-8.44685895399994
1889,Newry,58,54.1483756060001,-6.32235385399997
1889,Deptford,56,,
1889,Sunderland,53,54.9068690000001,-1.38380099999989
1889,Troon,51,55.5444127055824,-4.67361271972649
1889,Cardiff,50,51.4815810000001,-3.17908999999992
1889,Limerick,50,,
1889,Hartlepool (West),46,54.6917449999999,-1.21292600000004
1889,Belfast,45,54.613523371,-5.90696169099994
1889,Londonderry,45,55.0114105220001,-7.30041944099997
1889,Cliffe,44,,
1889,Swansea,42,51.62144,-3.94364599999994
1889,Hull,41,53.7456708999999,-0.336741299999971
1889,Glasgow,38,55.8582389117887,-4.24254728271348
1889,Grangemouth,38,56.0086943296901,-3.71710520629876
1889,Berwick,38,55.7702420000001,-2.00539499999996
1889,Alloa,37,56.1163031824617,-3.79518671321335
1889,London (Surrey Commercial Docks),35,51.5073509000001,-0.127758299999982
1889,Dover,35,51.1278758,1.31340270000004
1889,PURFLEET,32,,
1889,London (Silvertown),31,51.5073509000001,-0.127758299999982
1889,Truro,30,50.2631950000001,-5.05104099999994
1889,Exeter,30,50.7184120000001,-3.53389899999991
1889,London (Millwall Docks),28,51.5073509000001,-0.127758299999982
1889,Kirkcaldy,28,56.109236880424,-3.16149504760739
1889,Yarmouth,28,52.1084745429551,1.33582938769132
1889,FOR,28,,
1889,PENICUIK,28,,
1889,Granton,24,,
1889,Wexford,24,52.3386830540001,-6.45647567999993
1889,Gloucester,23,51.8642449,-2.23815599999989
1889,London (London Docks),23,51.5073509000001,-0.127758299999982
1889,Southampton,19,50.9097004,-1.40435090000005
1889,Middlesbrough,17,54.5742270000001,-1.23495600000001
1889,Portsmouth,17,50.8197675000001,-1.0879769
1889,Rochester,16,51.3880000000001,0.506721000000084
1889,London (Victoria Docks),16,51.5073509000001,-0.127758299999982
1889,London (Regent's Canal Docks),16,51.5073509000001,-0.127758299999982
1889,Cowes,16,50.7627850000001,-1.30053299999997
1889,Liverpool (Tilbury Docks),16,53.4083714,-2.99157259999998
1889,Plymouth,15,50.3754565,-4.14265649999993
1889,Northfleet,15,,
1889,Peterhead,14,57.5065199884148,-1.79653335449211
1889,Wisbech,13,52.666317,0.158797000000163
1889,Aberdeen,13,57.1453346208669,-2.10306332275388
1889,TILBURYDOWN,11,,
1889,Lowestoft,10,52.481138,1.75344900000016
1889,Colchester,9,51.895927,0.891874000000087
1889,London (Other Docks and Wharves),9,51.5073509000001,-0.127758299999982
1889,GRAVESEND,9,51.4429173588847,0.381957799072553
1889,Milford,9,,
1889,W. I. D. BUOYS,9,,
1889,Bridgwater,8,51.1326558933295,-3.00590651324461
1889,EXPORT ORDERS,8,,
1889,London (Royal Albert Docks),7,51.5073509000001,-0.127758299999982
1889,Ardrossan,7,55.6481390173549,-4.80960840777251
1889,Chester,7,53.1933920000001,-2.8930749999999
1889,Dundalk,7,,
1889,BEER,7,,
1889,Ayr,6,55.4703747229195,-4.63760140747054
1889,Blyth,6,55.1354889326177,-1.52226629597336
1889,Llanelly,6,51.680886,-4.16024800000002
1889,Whitehaven,6,54.5496990000001,-3.58923300000004
1889,Carnavon,6,53.1432579104494,-4.27657175134273
1889,Harwich,6,51.9347310000001,1.26029700000004
1889,Workington,6,54.643569,-3.54275200000001
1889,Banff,5,,
1889,WIGTOWN,5,54.8676447222298,-4.44449749206541
1889,Shoreham,5,,
1889,Barrow,5,,
1889,UNSECURED,5,,
1889,NESS,5,,
1889,MEETINGS,5,,
1889,Waterford,4,,
1889,HAVRE,4,,
1889,Greenhithe,4,,
1889,Lerwick,4,,
1889,Lancaster,4,54.046575,-2.8007399
1889,Newhaven,4,50.79307,0.0455740000000446
1889,Whitby,4,54.4863350000001,-0.613346999999919
1889,MILL HOLE,4,,
1889,RTS,4,,
1889,Faversham,3,51.3174325831495,0.888274418029924
1889,Ramsey,3,,
1889,Douglas,3,54.1474883509337,-4.47930775924688
1889,Port Glasgow,3,,
1889,Runcorn,3,53.3420780000001,-2.72967299999999
1889,Scarborough,3,54.283113,-0.399751999999978
1889,Weymouth,3,50.6144279,-2.45762099999996
1889,B. & F. S. WHARF,3,,
1889,Littlehampton,3,50.811057,-0.538660899999968
1889,Queenborough,3,51.416139674537,0.742809298858174
1889,Perth,3,56.3958320136505,-3.43183501586907
1889,EVERY SIZE,3,,
1889,EVERY DESCRIPTION,3,,
1889,MEETING,3,,
1889,GRAYS,2,,
1889,Castletown,2,,
1889,ST. KATHARINE'S DOCKS,2,,
1889,London (Burt's Wharf),2,51.5073509000001,-0.127758299999982
1889,PRINCE REGENT'S WHARF,2,,
1889,Folkestone,2,51.081397,1.16945599999991
1889,Ipswich,2,52.056736,1.14822000000004
1889,Penzance,2,50.118798,-5.53759199999996
1889,Teignmouth,2,50.5470330000001,-3.49668799999984
1889,PADSTOW,2,50.5420619999999,-4.93901699999998
1889,Beaumaris,2,53.2658650000001,-4.09199000000001
1889,Falmouth,2,50.152571,-5.06627000000003
1889,OTHER DOCKS,2,,
1889,London (Hanover Hole),2,51.5073509000001,-0.127758299999982
1889,Ramsgate,2,51.3355450000001,1.41989499999994
1889,Stornoway,2,58.2093906476432,-6.38865166137691
1889,Arbroath,2,56.5628888704369,-2.59099889825813
1889,Maryport,2,54.714441,-3.49494000000004
1889,Barnstaple,2,51.0784564808267,-4.06095583599865
1889,STRANRAER,2,54.9057043138819,-5.01757162963861
1889,SEPTEMBER,2,,
1889,DUNLOP & CO,2,,
1889,TRY IT,2,,
1889,DEEDS OF ARRANGEMENT,1,,
1889,ST. OLIVE'S WHARF,1,,
1889,B. & F. WHARF,1,,
1889,SHEERNESS,1,51.4387900442348,0.764917492065478
1889,Castletown (Isle Of Man),1,,
1889,"GRANTON SAW-MILLS, GRANTON HARBOUR",1,,
1889,GRAND CANAL DOCKS,1,,
1889,ST. KATHERINE'S WHARF,1,,
1889,LIMEHOUSE REACH,1,,
1889,ST. KATHERINE'S DOCKS,1,,
1889,ST. GEORGE'S WHARF,1,,
1889,TEMPLE PIER WHARF,1,,
1889,REGENT'S WHARF,1,,
1889,Irvine,1,55.618333779517,-4.65659498413083
1889,B. AND F. S. WHARF,1,,
1889,WOOLWICH BUOYS,1,,
1889,BARNARD'S WHARF,1,,
1889,London (West India Docks),1,51.5073509000001,-0.127758299999982
1889,ST. KATHARINE'S DOCK,1,,
1889,HERMITAGE TR,1,,
1889,CHINNOCK WHARF,1,,
1889,SILVESTOWN,1,,
1889,WEST INDIA DOCKS BUOYS,1,,
1889,GRAVESEND BUOYS,1,,
1889,LONG REACH,1,,
1889,ROTHERHITHE,1,,
1889,JUSTICE,1,,
1889,TRCON,1,,
1889,GILLESPIE,1,,
1889,TRUST DEEDS,1,,
1889,FOR BUILDING WORK,1,,
1889,PEN,1,,
1889,Liverpool (London Docks),1,53.4083714,-2.99157259999998
1889,SKIBBEREEN,1,,
1889,STIRLING,1,56.1173485571869,-3.93919047158875
1889,BROWNLEE,1,,
1889,JOS. WILKINSON,1,,
1890,Boston,82,52.9789400000001,-0.0265769999999748
1890,Newport,68,51.584151,-2.99766399999993
1890,Grimsby,49,53.5674710000001,-0.0807839999998805
1890,Liverpool,38,53.4083714,-2.99157259999998
1890,Greenock,37,55.9505077629267,-4.75971798437838
1890,Tyne,30,55.0179189721861,-1.42556335449211
1890,London (Tilbury Docks),30,51.5073509000001,-0.127758299999982
1890,London,29,51.5073509000001,-0.127758299999982
1890,Borrowstounness,21,56.0191848626102,-3.60281840209956
1890,UNSECURED,18,,
1890,Londonderry,14,55.0114105220001,-7.30041944099997
1890,Dundee,9,56.4612028818325,-2.96765932817017
1890,MEETING,8,,
1890,Fleetwood,7,53.9154477593217,-3.01331410565124
1890,Cardiff,6,51.4815810000001,-3.17908999999992
1890,Alloa,5,56.1163031824617,-3.79518671321335
1890,Berwick,5,55.7702420000001,-2.00539499999996
1890,Bristol,4,51.4545130000001,-2.58790999999997
1890,Cork,4,51.9014959520001,-8.44685895399994
1890,COOPERS' PROTECTIVE SOCIETY,4,,
1890,Goole,3,53.7029410000001,-0.876380999999981
1890,Lynn,3,52.7516798,0.402296300000103
1890,Glasgow,2,55.8582389117887,-4.24254728271348
1890,Chester,2,53.1933920000001,-2.8930749999999
1890,Montrose,2,56.7213304436428,-2.46576667724605
1890,Carnavon,2,53.1432579104494,-4.27657175134273
1890,Exeter,2,50.7184120000001,-3.53389899999991
1890,Dover,2,51.1278758,1.31340270000004
1890,Limerick,2,,
1890,Dublin,2,53.346388727,-6.21662037199997
1890,Leith,1,55.9765554947196,-3.16607291534422
1890,Grangemouth,1,56.0086943296901,-3.71710520629876
1890,Peterhead,1,57.5065199884148,-1.79653335449211
1890,KIRKWALL,1,,
1890,Hartlepool (West),1,54.6917449999999,-1.21292600000004
1890,Milford,1,,
1891,Liverpool,1684,53.4083714,-2.99157259999998
1891,Grimsby,1428,53.5674710000001,-0.0807839999998805
1891,London,1179,51.5073509000001,-0.127758299999982
1891,Bristol,826,51.4545130000001,-2.58790999999997
1891,Tyne,712,55.0179189721861,-1.42556335449211
1891,Dundee,695,56.4612028818325,-2.96765932817017
1891,London (Tilbury Docks),640,51.5073509000001,-0.127758299999982
1891,Newport,576,51.584151,-2.99766399999993
1891,Borrowstounness,548,56.0191848626102,-3.60281840209956
1891,Poole,455,50.7150500000001,-1.98724800000002
1891,Goole,414,53.7029410000001,-0.876380999999981
1891,Greenock,339,55.9505077629267,-4.75971798437838
1891,Lynn,176,52.7516798,0.402296300000103
1891,Boston,176,52.9789400000001,-0.0265769999999748
1891,Fleetwood,155,53.9154477593217,-3.01331410565124
1891,Montrose,144,56.7213304436428,-2.46576667724605
1891,Inverness,127,57.4827277738256,-4.22737025390621
1891,Stockton,95,,
1891,Runcorn,86,53.3420780000001,-2.72967299999999
1891,Dublin,85,53.346388727,-6.21662037199997
1891,Cork,65,51.9014959520001,-8.44685895399994
1891,Fowey,64,50.3349900000001,-4.63652499999995
1891,Wick,59,58.4430600485415,-3.09285166137693
1891,London (Surrey Commercial Docks),54,51.5073509000001,-0.127758299999982
1891,HAVRE,41,,
1891,Middlesbrough,41,54.5742270000001,-1.23495600000001
1891,Berwick,37,55.7702420000001,-2.00539499999996
1891,Cardiff,35,51.4815810000001,-3.17908999999992
1891,OCK,35,,
1891,Exeter,34,50.7184120000001,-3.53389899999991
1891,London (Other Docks and Wharves),31,51.5073509000001,-0.127758299999982
1891,STIRLING,30,56.1173485571869,-3.93919047158875
1891,Dover,29,51.1278758,1.31340270000004
1891,Limerick,27,,
1891,Hartlepool (West),27,54.6917449999999,-1.21292600000004
1891,Alloa,27,56.1163031824617,-3.79518671321335
1891,TICES,27,,
1891,BROWN & KRUSE,26,,
1891,Hull,25,53.7456708999999,-0.336741299999971
1891,Newry,24,54.1483756060001,-6.32235385399997
1891,Liverpool (Tilbury Docks),24,53.4083714,-2.99157259999998
1891,Aberdeen,22,57.1453346208669,-2.10306332275388
1891,Milford,22,,
1891,MILLWALL DOCK,21,,
1891,Sunderland,21,54.9068690000001,-1.38380099999989
1891,VICTORIA AND ALBERT DOCK,20,,
1891,TILBURY,20,,
1891,Leith,19,55.9765554947196,-3.16607291534422
1891,Belfast,19,54.613523371,-5.90696169099994
1891,Londonderry,19,55.0114105220001,-7.30041944099997
1891,Troon,19,55.5444127055824,-4.67361271972649
1891,Boston (Boston Dock),19,52.9789400000001,-0.0265769999999748
1891,VICTORIA AND ALBERT DOCKS,18,,
1891,Truro,18,50.2631950000001,-5.05104099999994
1891,Wexford,16,52.3386830540001,-6.45647567999993
1891,JULY,16,,
1891,Newhaven,15,50.79307,0.0455740000000446
1891,Gloucester,15,51.8642449,-2.23815599999989
1891,LUDWIG WULFERT'S BELLY WOOD,15,,
1891,Granton,14,,
1891,Cowes,14,50.7627850000001,-1.30053299999997
1891,Wisbech,13,52.666317,0.158797000000163
1891,WEST INDIA DOCK,13,,
1891,Kirkcaldy,13,56.109236880424,-3.16149504760739
1891,Swansea,13,51.62144,-3.94364599999994
1891,UNSECURED,13,,
1891,Grangemouth,12,56.0086943296901,-3.71710520629876
1891,Llanelly,11,51.680886,-4.16024800000002
1891,SEE SPECIMENS,11,,
1891,FIR,11,,
1891,Southampton,10,50.9097004,-1.40435090000005
1891,Sligo,10,54.277488562,-8.48034919799994
1891,MUI,10,,
1891,London (Millwall Docks),9,51.5073509000001,-0.127758299999982
1891,LNUTWOOD,9,,
1891,Yarmouth,8,52.1084745429551,1.33582938769132
1891,Plymouth,8,50.3754565,-4.14265649999993
1891,Ayr,8,55.4703747229195,-4.63760140747054
1891,JUNE,7,,
1891,London (West India Docks),6,51.5073509000001,-0.127758299999982
1891,Bristol (Tilbury Docks),6,51.4545130000001,-2.58790999999997
1891,Grimsby (Surrey Commercial Docks),6,53.5674710000001,-0.0807839999998805
1891,LIV,6,,
1891,Grimsby (Tilbury Docks),6,53.5674710000001,-0.0807839999998805
1891,Portsmouth,5,50.8197675000001,-1.0879769
1891,Perth,5,56.3958320136505,-3.43183501586907
1891,Dundalk,5,,
1891,Lowestoft,5,52.481138,1.75344900000016
1891,AVONMOUTH DOCK,5,51.501958264588,-2.70636874389645
1891,Lerwick,5,,
1891,Peterhead,5,57.5065199884148,-1.79653335449211
1891,ST. KATHARINE'S DOCK,5,,
1891,Glasgow,5,55.8582389117887,-4.24254728271348
1891,Barrow,5,,
1891,Blyth,5,55.1354889326177,-1.52226629597336
1891,Ardrossan,5,55.6481390173549,-4.80960840777251
1891,MOULDS,5,,
1891,& COFFIN STUFF,5,,
1891,Waterford,4,,
1891,Chester,4,53.1933920000001,-2.8930749999999
1891,Ramsgate,4,51.3355450000001,1.41989499999994
1891,Faversham,4,51.3174325831495,0.888274418029924
1891,Bridgwater,4,51.1326558933295,-3.00590651324461
1891,Littlehampton,4,50.811057,-0.538660899999968
1891,WIGTOWN,4,54.8676447222298,-4.44449749206541
1891,SOUTH-WEST INDIA DOCK,4,,
1891,SECURED,4,,
1891,DUMFRIES,4,,
1891,Rochester,3,51.3880000000001,0.506721000000084
1891,Whitehaven,3,54.5496990000001,-3.58923300000004
1891,Galway,3,53.269014434,-9.04777257699993
1891,Lancaster,3,54.046575,-2.8007399
1891,Fraserburgh,3,,
1891,Aberystwith,3,,
1891,Weymouth,3,50.6144279,-2.45762099999996
1891,Carnavon,3,53.1432579104494,-4.27657175134273
1891,BURGH,3,,
1891,Douglas,3,54.1474883509337,-4.47930775924688
1891,Penzance,2,50.118798,-5.53759199999996
1891,London (Victoria Dock),2,51.5073509000001,-0.127758299999982
1891,"WOOD, AND TIMBER MERCHANT",2,,
1891,Colchester,2,51.895927,0.891874000000087
1891,Scarborough,2,54.283113,-0.399751999999978
1891,Beaumaris,2,53.2658650000001,-4.09199000000001
1891,Folkestone,2,51.081397,1.16945599999991
1891,Banff,2,,
1891,Teignmouth,2,50.5470330000001,-3.49668799999984
1891,Shoreham,2,,
1891,WESTPORT,2,,
1891,ENGINEERS,2,,
1891,UNDER,2,,
1891,SPEED,2,,
1891,BUILDING,2,,
1891,WICKLOW,2,,
1891,ROYAL ALBERT DOCK,1,,
1891,Stornoway,1,58.2093906476432,-6.38865166137691
1891,Liverpool (Alexandra Dock),1,53.4083714,-2.99157259999998
1891,DARTMOUTH,1,50.352517,-3.57880699999998
1891,Peel (Isle Of Man),1,,
1891,Falmouth,1,50.152571,-5.06627000000003
1891,Ramsey (Isle Of Man),1,,
1891,Arbroath,1,56.5628888704369,-2.59099889825813
1891,ABERDOVEY,1,52.5441056124551,-4.04408999999999
1891,Harwich,1,51.9347310000001,1.26029700000004
1891,EAST INDIA DOCKS,1,,
1891,Castletown,1,,
1891,Barnstaple,1,51.0784564808267,-4.06095583599865
1891,Tralee,1,,
1891,DUN,1,,
1891,SKIBBEREEN,1,,
1892,Liverpool,99,53.4083714,-2.99157259999998
1892,Grimsby,87,53.5674710000001,-0.0807839999998805
1892,London (Tilbury Docks),67,51.5073509000001,-0.127758299999982
1892,Bristol,62,51.4545130000001,-2.58790999999997
1892,London,45,51.5073509000001,-0.127758299999982
1892,Tyne,44,55.0179189721861,-1.42556335449211
1892,Dundee,44,56.4612028818325,-2.96765932817017
1892,Newport,32,51.584151,-2.99766399999993
1892,Greenock,14,55.9505077629267,-4.75971798437838
1892,Peterhead,9,57.5065199884148,-1.79653335449211
1892,Fleetwood,9,53.9154477593217,-3.01331410565124
1892,Alloa,7,56.1163031824617,-3.79518671321335
1892,Goole,6,53.7029410000001,-0.876380999999981
1892,Boston,5,52.9789400000001,-0.0265769999999748
1892,Glasgow,4,55.8582389117887,-4.24254728271348
1892,Cardiff,4,51.4815810000001,-3.17908999999992
1892,STIRLING,4,56.1173485571869,-3.93919047158875
1892,POWER,4,,
1892,Borrowstounness,3,56.0191848626102,-3.60281840209956
1892,London (Other Docks and Wharves),3,51.5073509000001,-0.127758299999982
1892,Hartlepool (West),3,54.6917449999999,-1.21292600000004
1892,Sunderland,3,54.9068690000001,-1.38380099999989
1892,WEST INDIA DOCK,3,,
1892,Swansea,2,51.62144,-3.94364599999994
1892,Londonderry,2,55.0114105220001,-7.30041944099997
1892,Berwick,2,55.7702420000001,-2.00539499999996
1892,Limerick,2,,
1892,Granton,1,,
1892,Leith,1,55.9765554947196,-3.16607291534422
1892,Arbroath,1,56.5628888704369,-2.59099889825813
1892,Ayr,1,55.4703747229195,-4.63760140747054
1892,Aberdeen,1,57.1453346208669,-2.10306332275388
1892,Grangemouth,1,56.0086943296901,-3.71710520629876
1892,Fraserburgh,1,,
1892,HAVRE,1,,
1892,Belfast,1,54.613523371,-5.90696169099994
1892,Llanelly,1,51.680886,-4.16024800000002
1892,Shoreham,1,,
1892,Hull,1,53.7456708999999,-0.336741299999971
1892,Barnstaple,1,51.0784564808267,-4.06095583599865
1892,Lowestoft,1,52.481138,1.75344900000016
1892,Middlesbrough,1,54.5742270000001,-1.23495600000001
1892,Plymouth,1,50.3754565,-4.14265649999993
1892,Ramsgate,1,51.3355450000001,1.41989499999994
1892,Southampton,1,50.9097004,-1.40435090000005
1892,Yarmouth,1,52.1084745429551,1.33582938769132
1892,Douglas,1,54.1474883509337,-4.47930775924688
1892,London (Surrey Commercial Docks),1,51.5073509000001,-0.127758299999982
1892,EAST INDIA DOCKS,1,,
1892,MILLWALL DOCK,1,,
1892,VICTORIA AND ALBERT DOCKS,1,,
1892,Gloucester,1,51.8642449,-2.23815599999989
1892,Newry,1,54.1483756060001,-6.32235385399997
1892,Dover,1,51.1278758,1.31340270000004
1893,Grimsby,1144,53.5674710000001,-0.0807839999998805
1893,Liverpool,1127,53.4083714,-2.99157259999998
1893,Tyne,881,55.0179189721861,-1.42556335449211
1893,Bristol,741,51.4545130000001,-2.58790999999997
1893,London,716,51.5073509000001,-0.127758299999982
1893,Poole,510,50.7150500000001,-1.98724800000002
1893,London (Tilbury Docks),496,51.5073509000001,-0.127758299999982
1893,Dundee,485,56.4612028818325,-2.96765932817017
1893,Newport,435,51.584151,-2.99766399999993
1893,Greenock,358,55.9505077629267,-4.75971798437838
1893,Borrowstounness,191,56.0191848626102,-3.60281840209956
1893,Inverness,177,57.4827277738256,-4.22737025390621
1893,Berwick,155,55.7702420000001,-2.00539499999996
1893,Fleetwood,137,53.9154477593217,-3.01331410565124
1893,Stockton,135,,
1893,Lynn,134,52.7516798,0.402296300000103
1893,Fowey,100,50.3349900000001,-4.63652499999995
1893,Boston,99,52.9789400000001,-0.0265769999999748
1893,Dublin,88,53.346388727,-6.21662037199997
1893,Montrose,87,56.7213304436428,-2.46576667724605
1893,Goole,79,53.7029410000001,-0.876380999999981
1893,Wick,67,58.4430600485415,-3.09285166137693
1893,Liverpool (Brunswick Dock),67,53.4083714,-2.99157259999998
1893,Hull (Union Dock),61,53.7456708999999,-0.336741299999971
1893,Cardiff,54,51.4815810000001,-3.17908999999992
1893,London (Surrey Commercial Docks),54,51.5073509000001,-0.127758299999982
1893,Newry,49,54.1483756060001,-6.32235385399997
1893,Milford,48,,
1893,Exeter,47,50.7184120000001,-3.53389899999991
1893,Troon,47,55.5444127055824,-4.67361271972649
1893,Cork,43,51.9014959520001,-8.44685895399994
1893,Grimsby (Queen's Dock),42,53.5674710000001,-0.0807839999998805
1893,Hull (Queen's Dock),40,53.7456708999999,-0.336741299999971
1893,Irvine,39,55.618333779517,-4.65659498413083
1893,Liverpool (Tower Dock),39,53.4083714,-2.99157259999998
1893,TELLURIC CEMENT,39,,
1893,Liverpool (Alexandra Dock),37,53.4083714,-2.99157259999998
1893,Swansea,35,51.62144,-3.94364599999994
1893,LIMITED,35,,
1893,COLLINSON & LOCK,33,,
1893,Hartlepool (West),30,54.6917449999999,-1.21292600000004
1893,MENT,30,,
1893,Liverpool (Tilbury Docks),30,53.4083714,-2.99157259999998
1893,Southampton,28,50.9097004,-1.40435090000005
1893,TOWN DOCK,27,,
1893,Dover,26,51.1278758,1.31340270000004
1893,Sunderland,26,54.9068690000001,-1.38380099999989
1893,Limerick,25,,
1893,Lerwick,25,,
1893,London (Union Dock),25,51.5073509000001,-0.127758299999982
1893,REVIEW,24,,
1893,BELLYWOOD,22,,
1893,M & J BROWN,21,,
1893,REGENT'S DOCK,20,,
1893,LEMENT,20,,
1893,Belfast,19,54.613523371,-5.90696169099994
1893,Wexford,19,52.3386830540001,-6.45647567999993
1893,INTER TOPS,19,,
1893,DON,19,,
1893,Liverpool (Docks),17,53.4083714,-2.99157259999998
1893,SECURED,16,,
1893,KEN,16,,
1893,Gloucester,15,51.8642449,-2.23815599999989
1893,London (Millwall Docks),15,51.5073509000001,-0.127758299999982
1893,Londonderry,14,55.0114105220001,-7.30041944099997
1893,SUPPLEMENT,14,,
1893,Glasgow,13,55.8582389117887,-4.24254728271348
1893,Alloa,13,56.1163031824617,-3.79518671321335
1893,VICTORIA AND ALBERT DOCKS,13,,
1893,London (Other Docks and Wharves),13,51.5073509000001,-0.127758299999982
1893,WOOD,13,,
1893,QUEENSTOWN,13,,
1893,Grangemouth,12,56.0086943296901,-3.71710520629876
1893,HAVRE,12,,
1893,Yarmouth,12,52.1084745429551,1.33582938769132
1893,Hull (Victoria Dock),12,53.7456708999999,-0.336741299999971
1893,STIRLING,12,56.1173485571869,-3.93919047158875
1893,London (Dock Fires In Liverpool),12,51.5073509000001,-0.127758299999982
1893,Liverpool (Union Dock),12,53.4083714,-2.99157259999998
1893,London (West India Docks),11,51.5073509000001,-0.127758299999982
1893,London (Queen's Dock),11,51.5073509000001,-0.127758299999982
1893,LBEBT DOCKS,11,,
1893,SEPT,11,,
1893,UNIFORM,11,,
1893,WILLOW,11,,
1893,EXP,11,,
1893,PLUMBERS' CONGRESS,11,,
1893,Middlesbrough,10,54.5742270000001,-1.23495600000001
1893,Sligo,10,54.277488562,-8.48034919799994
1893,COUNTER TOP,10,,
1893,Barrow,9,,
1893,Blyth,9,55.1354889326177,-1.52226629597336
1893,Hull,9,53.7456708999999,-0.336741299999971
1893,Plymouth,9,50.3754565,-4.14265649999993
1893,Leith,9,55.9765554947196,-3.16607291534422
1893,MONTREAL,8,,
1893,Llanelly,8,51.680886,-4.16024800000002
1893,TOWN DOCKS,8,,
1893,E.C,8,,
1893,POOL,8,,
1893,Rochester,7,51.3880000000001,0.506721000000084
1893,Wisbech,7,52.666317,0.158797000000163
1893,Cowes,7,50.7627850000001,-1.30053299999997
1893,Grimsby (Town Dock),7,53.5674710000001,-0.0807839999998805
1893,Grimsby (Tilbury Docks),7,53.5674710000001,-0.0807839999998805
1893,TREES,7,,
1893,SKB,7,,
1893,Goole (Queen's Dock),7,53.7029410000001,-0.876380999999981
1893,GARSTON DOCK,6,,
1893,HORNBY DOCK,6,,
1893,Colchester,6,51.895927,0.891874000000087
1893,Liverpool (Coburg Dock),6,53.4083714,-2.99157259999998
1893,Bridgwater,6,51.1326558933295,-3.00590651324461
1893,Liverpool (Prince's Dock),6,53.4083714,-2.99157259999998
1893,Truro,6,50.2631950000001,-5.05104099999994
1893,CTURERS OF,6,,
1893,PORTS,6,,
1893,Granton,5,,
1893,Arbroath,5,56.5628888704369,-2.59099889825813
1893,Waterford,5,,
1893,CARRIERS' DOCK,5,,
1893,Scarborough,5,54.283113,-0.399751999999978
1893,Lowestoft,5,52.481138,1.75344900000016
1893,Chester,5,53.1933920000001,-2.8930749999999
1893,METHIL,5,,
1893,Folkestone,5,51.081397,1.16945599999991
1893,DOCKS,5,,
1893,Grimsby (Town Docks),5,53.5674710000001,-0.0807839999998805
1893,S EXECUTED FOR COUNTRY BUYERS,5,,
1893,NOVEMBER,5,,
1893,ON DOCK,5,,
1893,TENDER OPEN,5,,
1893,Aberdeen,4,57.1453346208669,-2.10306332275388
1893,Galway,4,53.269014434,-9.04777257699993
1893,CANADA DOCK,4,,
1893,Portsmouth,4,50.8197675000001,-1.0879769
1893,FRANCE,4,,
1893,AVONMOUTH DOCK,4,51.501958264588,-2.70636874389645
1893,Faversham,4,51.3174325831495,0.888274418029924
1893,PORT,4,,
1893,HUSKISSON DOCK,3,,
1893,BROCKLEBANK DOCK,3,,
1893,Ramsgate,3,51.3355450000001,1.41989499999994
1893,PRESTON,3,53.763201,-2.70308999999992
1893,Newhaven,3,50.79307,0.0455740000000446
1893,Penzance,3,50.118798,-5.53759199999996
1893,Shoreham,3,,
1893,ST. KATHARINE DOCK,3,,
1893,JUNE,3,,
1893,LEFOS,3,,
1893,SKIBBEREEN,3,,
1893,WIGTOWN,3,54.8676447222298,-4.44449749206541
1893,NEWBY,3,,
1893,GRIMSBY DOCK,3,,
1893,Bristol (Town Docks),3,51.4545130000001,-2.58790999999997
1893,GOW,3,,
1893,HARRINGTON DOCK,2,,
1893,Dundalk,2,,
1893,VICTORIA & ALBERT DOCKS,2,,
1893,EAST INDIA DOCKS,2,,
1893,Whitehaven,2,54.5496990000001,-3.58923300000004
1893,Beaumaris,2,53.2658650000001,-4.09199000000001
1893,London (Victoria Dock),2,51.5073509000001,-0.127758299999982
1893,Kirkcaldy,2,56.109236880424,-3.16149504760739
1893,VICTORIA AND ALBERT DOCK,2,,
1893,Weymouth,2,50.6144279,-2.45762099999996
1893,Peterhead,2,57.5065199884148,-1.79653335449211
1893,Perth,2,56.3958320136505,-3.43183501586907
1893,DUNN & CO,2,,
1893,BUILDING NOTES,2,,
1893,DOCK FIRES IN LIVERPOOL,2,,
1893,DULDING,2,,
1893,ORMSBY DOCK,2,,
1893,(FROM LLOYD'S.),2,,
1893,PREVENTS SLIPPING,2,,
1893,OVER LIQUID,2,,
1893,EXPO,2,,
1893,SURREY DOCK,2,,
1893,BRIDPORT,2,50.7335769,-2.7583009999999
1893,TON DOCK,2,,
1893,... E.C,2,,
1893,ENGL,2,,
1893,OCTOBER,2,,
1893,Ardrossan,1,55.6481390173549,-4.80960840777251
1893,Aberystwith,1,,
1893,Littlehampton,1,50.811057,-0.538660899999968
1893,Douglas,1,54.1474883509337,-4.47930775924688
1893,Lancaster,1,54.046575,-2.8007399
1893,Carnavon,1,53.1432579104494,-4.27657175134273
1893,BIRKENHEAD DOCK,1,,
1893,ST. KATHARINE'S DOCKS,1,,
1893,Queenborough,1,51.416139674537,0.742809298858174
1893,"TAYLOR BROS., ADELAIDE WORKS, SHEFFIELD",1,,
1893,London (Victoria Docks),1,51.5073509000001,-0.127758299999982
1893,OTHER DOCKS,1,,
1893,Teignmouth,1,50.5470330000001,-3.49668799999984
1893,LANGTON DOCK,1,,
1893,APPLEDORE,1,,
1893,Harwich,1,51.9347310000001,1.26029700000004
1893,Ipswich,1,52.056736,1.14822000000004
1893,DARTMOUTH,1,50.352517,-3.57880699999998
1893,Falmouth,1,50.152571,-5.06627000000003
1893,Ayr,1,55.4703747229195,-4.63760140747054
1893,ARKLOW,1,,
1893,COUN,1,,
1893,GOOLE DOCK,1,,
1893,Boston (Boston Dock),1,52.9789400000001,-0.0265769999999748
1893,GUERNSEY,1,,
1893,KIDDSON DOCK,1,,
1893,Liverpool (Kiddson Dock),1,,
1893,KINGTON DOCK,1,,
1893,Liverpool (Kington Dock),1,53.4083714,-2.99157259999998
1893,IRON FENCING,1,,
1893,DOCK,1,,
1893,FILES,1,,
1893,DUNI,1,,
1893,OCT,1,,
1895,Grimsby,1433,53.5674710000001,-0.0807839999998805
1895,London,1221,51.5073509000001,-0.127758299999982
1895,Liverpool,940,53.4083714,-2.99157259999998
1895,Tyne,746,55.0179189721861,-1.42556335449211
1895,Newport,727,51.584151,-2.99766399999993
1895,Bristol,683,51.4545130000001,-2.58790999999997
1895,Poole,490,50.7150500000001,-1.98724800000002
1895,Dundee,482,56.4612028818325,-2.96765932817017
1895,Borrowstounness,269,56.0191848626102,-3.60281840209956
1895,Greenock,248,55.9505077629267,-4.75971798437838
1895,Grimsby (Queen's Dock),213,53.5674710000001,-0.0807839999998805
1895,Lynn,173,52.7516798,0.402296300000103
1895,Inverness,167,57.4827277738256,-4.22737025390621
1895,Boston,158,52.9789400000001,-0.0265769999999748
1895,Stockton,142,,
1895,Fleetwood,136,53.9154477593217,-3.01331410565124
1895,Liverpool (Coburg Dock),124,53.4083714,-2.99157259999998
1895,London (Tilbury Docks),106,51.5073509000001,-0.127758299999982
1895,Goole,103,53.7029410000001,-0.876380999999981
1895,Hull (Queen's Dock),89,53.7456708999999,-0.336741299999971
1895,Dublin,85,53.346388727,-6.21662037199997
1895,Wick,84,58.4430600485415,-3.09285166137693
1895,Fowey,78,50.3349900000001,-4.63652499999995
1895,SDD,69,,
1895,Berwick,65,55.7702420000001,-2.00539499999996
1895,RUNCORN DOCK,61,,
1895,London (Surrey Commercial Docks),59,51.5073509000001,-0.127758299999982
1895,Cork,59,51.9014959520001,-8.44685895399994
1895,Limerick,59,,
1895,Irvine,51,55.618333779517,-4.65659498413083
1895,Liverpool (Alexandra Dock),49,53.4083714,-2.99157259999998
1895,Londonderry,49,55.0114105220001,-7.30041944099997
1895,Montrose,47,56.7213304436428,-2.46576667724605
1895,Cardiff,36,51.4815810000001,-3.17908999999992
1895,DOORS,36,,
1895,Newry,35,54.1483756060001,-6.32235385399997
1895,Lerwick,35,,
1895,Liverpool (Wellington Dock),35,53.4083714,-2.99157259999998
1895,Exeter,34,50.7184120000001,-3.53389899999991
1895,Hartlepool (West),33,54.6917449999999,-1.21292600000004
1895,Dover,32,51.1278758,1.31340270000004
1895,BXBXB,31,,
1895,Grimsby (Prince's Dock),30,53.5674710000001,-0.0807839999998805
1895,LIMITED,30,,
1895,Milford,29,,
1895,Troon,27,55.5444127055824,-4.67361271972649
1895,London (Queen's Dock),27,51.5073509000001,-0.127758299999982
1895,NEWS,26,,
1895,STIRLING,26,56.1173485571869,-3.93919047158875
1895,Liverpool (Queen's Dock),25,53.4083714,-2.99157259999998
1895,London (Other Docks and Wharves),22,51.5073509000001,-0.127758299999982
1895,Hull (Victoria Dock),22,53.7456708999999,-0.336741299999971
1895,Truro,22,50.2631950000001,-5.05104099999994
1895,ALBERT DOCK,21,,
1895,Runcorn,21,53.3420780000001,-2.72967299999999
1895,LOUP,20,,
1895,BUTE DOCK,20,,
1895,Leith,18,55.9765554947196,-3.16607291534422
1895,Cowes,17,50.7627850000001,-1.30053299999997
1895,FILES,17,,
1895,OTTI STREET,17,,
1895,Glasgow,16,55.8582389117887,-4.24254728271348
1895,TO BUILDERS,16,,
1895,WIGTOWN,15,54.8676447222298,-4.44449749206541
1895,BIRKBECK BUILDING SOCIETY,15,,
1895,Liverpool (Prince's Dock),14,53.4083714,-2.99157259999998
1895,AVONMOUTH DOCK,13,51.501958264588,-2.70636874389645
1895,Southampton,13,50.9097004,-1.40435090000005
1895,Liverpool (Brunswick Dock),13,53.4083714,-2.99157259999998
1895,Middlesbrough,12,54.5742270000001,-1.23495600000001
1895,Alloa,12,56.1163031824617,-3.79518671321335
1895,ING,12,,
1895,Swansea,11,51.62144,-3.94364599999994
1895,Belfast,11,54.613523371,-5.90696169099994
1895,Grangemouth,11,56.0086943296901,-3.71710520629876
1895,Sligo,11,54.277488562,-8.48034919799994
1895,REVIEW,11,,
1895,Sunderland,10,54.9068690000001,-1.38380099999989
1895,BORROWSTOWNESS,10,,
1895,Liverpool (Runcorn Dock),10,53.4083714,-2.99157259999998
1895,RAILWAY DOCK,9,,
1895,GARSTON DOCK,9,,
1895,London (Millwall Docks),9,51.5073509000001,-0.127758299999982
1895,Blyth,9,55.1354889326177,-1.52226629597336
1895,Yarmouth,9,52.1084745429551,1.33582938769132
1895,EXPORTED FROM,9,,
1895,VICTORIA AND ALBERT DOCKS,8,,
1895,Llanelly,8,51.680886,-4.16024800000002
1895,Faversham,8,51.3174325831495,0.888274418029924
1895,Bridgwater,8,51.1326558933295,-3.00590651324461
1895,EDEN,8,,
1895,London (Runcorn Dock),8,51.5073509000001,-0.127758299999982
1895,Barrow,7,,
1895,Aberdeen,7,57.1453346208669,-2.10306332275388
1895,Gloucester,7,51.8642449,-2.23815599999989
1895,London (Regent's Canal Docks),7,51.5073509000001,-0.127758299999982
1895,Hull (Union Dock),7,53.7456708999999,-0.336741299999971
1895,Goole (Queen's Dock),7,53.7029410000001,-0.876380999999981
1895,WIDNES,7,,
1895,London (West India Docks),6,51.5073509000001,-0.127758299999982
1895,Wisbech,6,52.666317,0.158797000000163
1895,METHIL,6,,
1895,HARTLEPOOL,6,54.6917449999999,-1.21292600000004
1895,DRYING KILNS,6,,
1895,KINGSTON,6,,
1895,PORTS,6,,
1895,LANGTON DOCK,5,,
1895,CANADA DOCK,5,,
1895,Shoreham,5,,
1895,Ipswich,5,52.056736,1.14822000000004
1895,VICTORIA AND ALBERT DOCK,5,,
1895,MILLWALL DOCK,5,,
1895,SKIRTING,5,,
1895,Liverpool (Customs Dock),5,53.4083714,-2.99157259999998
1895,Liverpool (Nelson Dock),5,53.4083714,-2.99157259999998
1895,HUSKISSON DOCK,4,,
1895,Portsmouth,4,50.8197675000001,-1.0879769
1895,TOXTETH DOCK,4,,
1895,Newhaven,4,50.79307,0.0455740000000446
1895,Ayr,4,55.4703747229195,-4.63760140747054
1895,Peterhead,4,57.5065199884148,-1.79653335449211
1895,Scarborough,4,54.283113,-0.399751999999978
1895,SALFORD DOCK,4,,
1895,HARRINGTON DOCK,4,,
1895,HORNBY DOCK,4,,
1895,Colchester,4,51.895927,0.891874000000087
1895,LINDEN WOOD,4,,
1895,Liverpool (Convoy Dock),4,53.4083714,-2.99157259999998
1895,SKIBBEREEN,4,,
1895,Liverpool (Tillotson's Dock),4,53.4083714,-2.99157259999998
1895,Wexford,3,52.3386830540001,-6.45647567999993
1895,Plymouth,3,50.3754565,-4.14265649999993
1895,BIRKENHEAD DOCK,3,,
1895,OTHER DOCKS,3,,
1895,Hull,3,53.7456708999999,-0.336741299999971
1895,Grimsby (Runcorn Dock),3,53.5674710000001,-0.0807839999998805
1895,Liverpool (Union Dock),3,53.4083714,-2.99157259999998
1895,MEMBERS,3,,
1895,P. B. WILKIE & CO,3,,
1895,BRIDPORT,3,50.7335769,-2.7583009999999
1895,COUNTER TOP,3,,
1895,MERCE,3,,
1895,Liverpool (Longton Dock),3,53.4083714,-2.99157259999998
1895,LONGTON DOCK,3,,
1895,HUSKISSON DOCKS,2,,
1895,Bristol (West),2,51.4545130000001,-2.58790999999997
1895,CARRIERS' DOCK,2,,
1895,Folkestone,2,51.081397,1.16945599999991
1895,Chester,2,53.1933920000001,-2.8930749999999
1895,Banff,2,,
1895,Lowestoft,2,52.481138,1.75344900000016
1895,London (Victoria Docks),2,51.5073509000001,-0.127758299999982
1895,"ADELAIDE WORKS, SHEFFIELD",2,,
1895,Falmouth,2,50.152571,-5.06627000000003
1895,WEST INDIA DOCK,2,,
1895,Weymouth,2,50.6144279,-2.45762099999996
1895,Whitehaven,2,54.5496990000001,-3.58923300000004
1895,Penzance,2,50.118798,-5.53759199999996
1895,Rochester,2,51.3880000000001,0.506721000000084
1895,SURREY DOCK,2,,
1895,CONVOY DOCK,2,,
1895,SCO,2,,
1895,WICKLOW,2,,
1895,BO'NE,2,,
1895,TOWN'S DOCK,2,,
1895,GLINGE,2,,
1895,TILLOTSON'S DOCK,2,,
1895,CANADA DOCKS,1,,
1895,WINNIPEG DOCK,1,,
1895,Ardrossan,1,55.6481390173549,-4.80960840777251
1895,Beaumaris,1,53.2658650000001,-4.09199000000001
1895,SIR WM. WRIGHT'S DOCK,1,,
1895,ST. ANDREW'S DOCK,1,,
1895,APPLEDORE,1,,
1895,Stornoway,1,58.2093906476432,-6.38865166137691
1895,WATERLOO DOCK,1,,
1895,Arbroath,1,56.5628888704369,-2.59099889825813
1895,BROCKLEBANK DOCK,1,,
1895,Granton,1,,
1895,STRANRAER,1,54.9057043138819,-5.01757162963861
1895,Carnavon,1,53.1432579104494,-4.27657175134273
1895,Kirkcaldy,1,56.109236880424,-3.16149504760739
1895,Littlehampton,1,50.811057,-0.538660899999968
1895,PRESTON,1,53.763201,-2.70308999999992
1895,Ramsgate,1,51.3355450000001,1.41989499999994
1895,Galway,1,53.269014434,-9.04777257699993
1895,Aberystwith,1,,
1895,Maryport,1,54.714441,-3.49494000000004
1895,London (Union Dock),1,51.5073509000001,-0.127758299999982
1895,UNSECURED,1,,
1895,BLOCK FLOORING,1,,
1895,KING'S CROSS,1,,
1895,CUSTOMS DOCK,1,,
1895,SCOT,1,,
1895,TS OPEN,1,,
1895,EDMISTON &,1,,
1895,SUCCESSFUL,1,,
1895,CULLER,1,,
1895,TILES,1,,
1895,"WEB SAWS,",1,,
1896,London,43,51.5073509000001,-0.127758299999982
1896,Bristol,42,51.4545130000001,-2.58790999999997
1896,Tyne,28,55.0179189721861,-1.42556335449211
1896,Newport,28,51.584151,-2.99766399999993
1896,Liverpool,28,53.4083714,-2.99157259999998
1896,Grimsby,27,53.5674710000001,-0.0807839999998805
1896,Borrowstounness,18,56.0191848626102,-3.60281840209956
1896,London (Tilbury Docks),13,51.5073509000001,-0.127758299999982
1896,Irvine,7,55.618333779517,-4.65659498413083
1896,Grimsby (Queen's Dock),7,53.5674710000001,-0.0807839999998805
1896,Wick,6,58.4430600485415,-3.09285166137693
1896,Dundee,6,56.4612028818325,-2.96765932817017
1896,& TILES,5,,
1896,Liverpool (Coburg Dock),5,53.4083714,-2.99157259999998
1896,Greenock,5,55.9505077629267,-4.75971798437838
1896,Lerwick,4,,
1896,Hull (Queen's Dock),3,53.7456708999999,-0.336741299999971
1896,P. B. WILKIE & CO,3,,
1896,Boston,2,52.9789400000001,-0.0265769999999748
1896,Cork,2,51.9014959520001,-8.44685895399994
1896,Goole,1,53.7029410000001,-0.876380999999981
1896,Limerick,1,,
1897,Grimsby,1391,53.5674710000001,-0.0807839999998805
1897,London,1314,51.5073509000001,-0.127758299999982
1897,Liverpool,1191,53.4083714,-2.99157259999998
1897,Bristol,896,51.4545130000001,-2.58790999999997
1897,Dundee,643,56.4612028818325,-2.96765932817017
1897,Tyne,560,55.0179189721861,-1.42556335449211
1897,Newport,491,51.584151,-2.99766399999993
1897,Greenock,469,55.9505077629267,-4.75971798437838
1897,Poole,410,50.7150500000001,-1.98724800000002
1897,Borrowstounness,340,56.0191848626102,-3.60281840209956
1897,Boston,312,52.9789400000001,-0.0265769999999748
1897,Inverness,278,57.4827277738256,-4.22737025390621
1897,Grimsby (Queen's Dock),167,53.5674710000001,-0.0807839999998805
1897,Hull (Queen's Dock),165,53.7456708999999,-0.336741299999971
1897,Lynn,164,52.7516798,0.402296300000103
1897,Liverpool (Coburg Dock),162,53.4083714,-2.99157259999998
1897,Goole,140,53.7029410000001,-0.876380999999981
1897,Fleetwood,124,53.9154477593217,-3.01331410565124
1897,Irvine,115,55.618333779517,-4.65659498413083
1897,Liverpool (Nelson Dock),106,53.4083714,-2.99157259999998
1897,Fowey,88,50.3349900000001,-4.63652499999995
1897,Goole (Queen's Dock),83,53.7029410000001,-0.876380999999981
1897,Dublin,74,53.346388727,-6.21662037199997
1897,London (Tilbury Docks),72,51.5073509000001,-0.127758299999982
1897,Cowes,65,50.7627850000001,-1.30053299999997
1897,London (Other Docks and Wharves),58,51.5073509000001,-0.127758299999982
1897,Cork,53,51.9014959520001,-8.44685895399994
1897,Liverpool (Queen's Dock),53,53.4083714,-2.99157259999998
1897,Montrose,51,56.7213304436428,-2.46576667724605
1897,Liverpool (Alexandra Dock),45,53.4083714,-2.99157259999998
1897,Berwick,45,55.7702420000001,-2.00539499999996
1897,Hartlepool (West),43,54.6917449999999,-1.21292600000004
1897,CLYDE TRUST,39,,
1897,CLEM WOOD,38,,
1897,Hull (Victoria Dock),37,53.7456708999999,-0.336741299999971
1897,Exeter,35,50.7184120000001,-3.53389899999991
1897,M. & J. BROWN,35,,
1897,Sunderland,33,54.9068690000001,-1.38380099999989
1897,Stockton,33,,
1897,Cardiff,33,51.4815810000001,-3.17908999999992
1897,Wick,32,58.4430600485415,-3.09285166137693
1897,London (Surrey Commercial Docks),31,51.5073509000001,-0.127758299999982
1897,Liverpool (Dock),31,53.4083714,-2.99157259999998
1897,Dover,29,51.1278758,1.31340270000004
1897,OLE,29,,
1897,S. PER DOZEN,25,,
1897,Limerick,24,,
1897,CANADA DOCK,23,,
1897,BRIDGE,22,,
1897,QUEENBORO',21,51.416139674537,0.742809298858174
1897,Belfast,20,54.613523371,-5.90696169099994
1897,Southampton,20,50.9097004,-1.40435090000005
1897,Swansea,20,51.62144,-3.94364599999994
1897,ROYAL ALBERT DOCK,20,,
1897,Milford,20,,
1897,Londonderry,19,55.0114105220001,-7.30041944099997
1897,QUEENBORO,19,51.416139674537,0.742809298858174
1897,Gloucester,18,51.8642449,-2.23815599999989
1897,ALBERT DOCK,18,,
1897,Liverpool (Wellington Dock),18,53.4083714,-2.99157259999998
1897,London (London Docks),18,51.5073509000001,-0.127758299999982
1897,MILLWALL DOCK,17,,
1897,W.O,17,,
1897,IF YOU,17,,
1897,TYNE DOCK,17,,
1897,FILES,16,,
1897,HORNBY DOCK,15,,
1897,Yarmouth,15,52.1084745429551,1.33582938769132
1897,Sligo,15,54.277488562,-8.48034919799994
1897,RPOOL,15,,
1897,Kirkcaldy,14,56.109236880424,-3.16149504760739
1897,Wisbech,13,52.666317,0.158797000000163
1897,Barrow,13,,
1897,LANGTON DOCK,13,,
1897,Truro,13,50.2631950000001,-5.05104099999994
1897,T. L. B. RED RUBBERS,13,,
1897,Grimsby (Tilbury Docks),13,53.5674710000001,-0.0807839999998805
1897,GARSTON DOCK,12,,
1897,OF EVERY DESCRIPTION,12,,
1897,SIMPLE IN CONSTRUCTION,12,,
1897,BIRKENHEAD DOCK,11,,
1897,Rochester,11,51.3880000000001,0.506721000000084
1897,Ipswich,11,52.056736,1.14822000000004
1897,Lowestoft,11,52.481138,1.75344900000016
1897,EFLE,11,,
1897,CLOSED,11,,
1897,Bridgwater,10,51.1326558933295,-3.00590651324461
1897,Lerwick,10,,
1897,Newport (Mon),10,51.584151,-2.99766399999993
1897,Liverpool (Brunswick Dock),10,53.4083714,-2.99157259999998
1897,Newry,9,54.1483756060001,-6.32235385399997
1897,WIDNES,9,,
1897,Liverpool (Prince's Dock),8,53.4083714,-2.99157259999998
1897,WIGTOWN,8,54.8676447222298,-4.44449749206541
1897,FOR,8,,
1897,Aberystwith,7,,
1897,Folkestone,7,51.081397,1.16945599999991
1897,Plymouth,7,50.3754565,-4.14265649999993
1897,Troon,7,55.5444127055824,-4.67361271972649
1897,IRON FENCING,7,,
1897,Whitehaven,6,54.5496990000001,-3.58923300000004
1897,Portsmouth,6,50.8197675000001,-1.0879769
1897,Glasgow,6,55.8582389117887,-4.24254728271348
1897,AVONMOUTH DOCK,6,51.501958264588,-2.70636874389645
1897,BEDFORD,6,,
1897,TOXTETH DOCK,6,,
1897,DOORS,6,,
1897,London (Runcorn Dock),6,51.5073509000001,-0.127758299999982
1897,SPEED,6,,
1897,"J. H. ROWNTREE & CO.,",5,,
1897,Faversham,5,51.3174325831495,0.888274418029924
1897,Alloa,5,56.1163031824617,-3.79518671321335
1897,RAILWAY DOCK,5,,
1897,Falmouth,5,50.152571,-5.06627000000003
1897,Chester,5,53.1933920000001,-2.8930749999999
1897,Llanelly,5,51.680886,-4.16024800000002
1897,London (Victoria Dock),5,51.5073509000001,-0.127758299999982
1897,London (Coburg Dock),5,51.5073509000001,-0.127758299999982
1897,R.B,5,,
1897,GEORGE MERRYLEES & CO,5,,
1897,T (Mon),5,,
1897,London (Queen's Dock),5,51.5073509000001,-0.127758299999982
1897,London (Millwall Docks),4,51.5073509000001,-0.127758299999982
1897,Ramsgate,4,51.3355450000001,1.41989499999994
1897,Shoreham,4,,
1897,Newhaven,4,50.79307,0.0455740000000446
1897,Middlesbrough,4,54.5742270000001,-1.23495600000001
1897,CARRIERS' DOCK,4,,
1897,GLINGE,4,,
1897,Wexford,4,52.3386830540001,-6.45647567999993
1897,Liverpool (Tilbury Docks),4,53.4083714,-2.99157259999998
1897,E.C,4,,
1897,Whitby,3,54.4863350000001,-0.613346999999919
1897,ROYAL ALBE,3,,
1897,VICTORIA,3,,
1897,Blyth,3,55.1354889326177,-1.52226629597336
1897,Barnstaple,3,51.0784564808267,-4.06095583599865
1897,Granton,3,,
1897,SIR WILLIAM WRIGHT'S DOCK,3,,
1897,Littlehampton,3,50.811057,-0.538660899999968
1897,Lancaster,3,54.046575,-2.8007399
1897,Scarborough,3,54.283113,-0.399751999999978
1897,OTHER DOCKS,3,,
1897,SKIBBEREEN,3,,
1897,Waterford,3,,
1897,EXPORT ORDERS,3,,
1897,R & SURVEYOR,3,,
1897,COUNTER TOPS,3,,
1897,W. C. K,3,,
1897,CONFRG DOCK,3,,
1897,ORING,3,,
1897,Grimsby (London Docks),3,53.5674710000001,-0.0807839999998805
1897,Carnavon,2,53.1432579104494,-4.27657175134273
1897,OTHER DOCKS A,2,,
1897,PRESTON,2,53.763201,-2.70308999999992
1897,Colchester,2,51.895927,0.891874000000087
1897,Beaumaris,2,53.2658650000001,-4.09199000000001
1897,Hull,2,53.7456708999999,-0.336741299999971
1897,AUSTRIAN WAINSCOT OAK,2,,
1897,ST. ANDREW'S DOCK,2,,
1897,JAMES HARRISON,2,,
1897,Leith,2,55.9765554947196,-3.16607291534422
1897,Galway,2,53.269014434,-9.04777257699993
1897,Douglas,2,54.1474883509337,-4.47930775924688
1897,WEST INDIA DOCK,2,,
1897,EXPORTERS OF,2,,
1897,NOTICE OF DIVIDEND,2,,
1897,TION,2,,
1897,RUNCORN DOCK,2,,
1897,DOCK BILLS,2,,
1897,ION,2,,
1897,EVERY DESCRIPTION OF BUILDING WOOD,2,,
1897,Hull (Union Dock),2,53.7456708999999,-0.336741299999971
1897,Liverpool (Union Dock),2,53.4083714,-2.99157259999998
1897,DOCK,2,,
1897,BRIDLINGTON,2,,
1897,RECEIVING ORDERS,2,,
1897,EXPO,2,,
1897,"LONDON, E.C",1,,
1897,AND,1,,
1897,Tralee,1,,
1897,WEST INDIA,1,,
1897,"VEREBSTUFF, LONDON",1,,
1897,DOCKS,1,,
1897,METHIL,1,,
1897,Peterhead,1,57.5065199884148,-1.79653335449211
1897,Harwich,1,51.9347310000001,1.26029700000004
1897,Grangemouth,1,56.0086943296901,-3.71710520629876
1897,Fraserburgh,1,,
1897,AVONMOUTH,1,,
1897,SIR WM. WRIGHT'S DOCK,1,,
1897,BLYTHAVEN,1,,
1897,BLACKHEATH,1,,
1897,SEAHAM,1,,
1897,LOWE[?],1,,
1897,ROYAL ALBE[?],1,,
1897,VICTORIA [?],1,,
1897,DROGHEDA,1,,
1897,HORNSBY DOCK,1,,
1897,Castletown,1,,
1897,WAPPING DOCK,1,,
1897,DOCKS AND WHARVES,1,,
1897,HARRINGTON DOCK,1,,
1897,ELIZABETH DOCK,1,,
1897,SANDON DOCK,1,,
1897,NG IRONS,1,,
1897,ROBERT KERR & SONS,1,,
1897,London (Wellington Dock),1,51.5073509000001,-0.127758299999982
1897,Liverpool (Brooklyn Dock),1,53.4083714,-2.99157259999998
1897,NDON S.E,1,,
1897,UNSECURED,1,,
1897,W.CK,1,,
1897,JOINERS' WORK TO ORDER,1,,
1897,Y DOCK,1,,
1897,LIMITED,1,,
1897,DE LYON,1,,
1897,DON,1,,
1897,G FEET,1,,
1897,London (Nelson Dock),1,51.5073509000001,-0.127758299999982
1898,Bristol,79,51.4545130000001,-2.58790999999997
1898,Grimsby,79,53.5674710000001,-0.0807839999998805
1898,London,74,51.5073509000001,-0.127758299999982
1898,Liverpool,57,53.4083714,-2.99157259999998
1898,Dublin,41,53.346388727,-6.21662037199997
1898,Tyne,41,55.0179189721861,-1.42556335449211
1898,Dundee,38,56.4612028818325,-2.96765932817017
1898,Liverpool (Nelson Dock),33,53.4083714,-2.99157259999998
1898,Newport,30,51.584151,-2.99766399999993
1898,Liverpool (Tilbury Docks),30,53.4083714,-2.99157259999998
1898,London (London Docks),26,51.5073509000001,-0.127758299999982
1898,Borrowstounness,25,56.0191848626102,-3.60281840209956
1898,Greenock,25,55.9505077629267,-4.75971798437838
1898,London (Tilbury Docks),23,51.5073509000001,-0.127758299999982
1898,Inverness,22,57.4827277738256,-4.22737025390621
1898,Goole,10,53.7029410000001,-0.876380999999981
1898,Liverpool (Coburg Dock),10,53.4083714,-2.99157259999998
1898,EXPORTER,8,,
1898,Montrose,6,56.7213304436428,-2.46576667724605
1898,Boston,5,52.9789400000001,-0.0265769999999748
1898,Liverpool (Wellington Dock),4,53.4083714,-2.99157259999998
1898,NG IRONS,4,,
1898,Troon,4,55.5444127055824,-4.67361271972649
1898,Grimsby (Queen's Docks),3,53.5674710000001,-0.0807839999998805
1898,Berwick,3,55.7702420000001,-2.00539499999996
1898,QUEBEC DOCK,2,,
1898,SONS,2,,
1898,CROSSBY DOCK,2,,
1898,Wick,1,58.4430600485415,-3.09285166137693
1898,Limerick,1,,
1898,WYF WMF,1,,
1898,FOR,1,,
1898,Cork,1,51.9014959520001,-8.44685895399994
1898,Dublin (Nelson Dock),1,53.346388727,-6.21662037199997
1898,SIMPLE IN CONSTRUCTION,1,,
1898,Newry,1,54.1483756060001,-6.32235385399997
1898,QUEEN'S DOCKS,1,,
1899,Liverpool,1285,53.4083714,-2.99157259999998
1899,London,1220,51.5073509000001,-0.127758299999982
1899,Grimsby,1151,53.5674710000001,-0.0807839999998805
1899,Tyne,866,55.0179189721861,-1.42556335449211
1899,Dundee,807,56.4612028818325,-2.96765932817017
1899,Bristol,792,51.4545130000001,-2.58790999999997
1899,London (Tilbury Docks),526,51.5073509000001,-0.127758299999982
1899,Lynn,438,52.7516798,0.402296300000103
1899,London (London Docks),399,51.5073509000001,-0.127758299999982
1899,Borrowstounness,349,56.0191848626102,-3.60281840209956
1899,Poole,346,50.7150500000001,-1.98724800000002
1899,Inverness,325,57.4827277738256,-4.22737025390621
1899,Greenock,309,55.9505077629267,-4.75971798437838
1899,Newport (Mon),291,51.584151,-2.99766399999993
1899,Newport,275,51.584151,-2.99766399999993
1899,Grimsby (Queen's Dock),187,53.5674710000001,-0.0807839999998805
1899,Liverpool (Nelson Dock),135,53.4083714,-2.99157259999998
1899,Boston,115,52.9789400000001,-0.0265769999999748
1899,Hull (Queen's Dock),97,53.7456708999999,-0.336741299999971
1899,Dublin,84,53.346388727,-6.21662037199997
1899,Fleetwood,80,53.9154477593217,-3.01331410565124
1899,Stockton,74,,
1899,Fowey,71,50.3349900000001,-4.63652499999995
1899,Goole,69,53.7029410000001,-0.876380999999981
1899,Liverpool (Prince's Dock),61,53.4083714,-2.99157259999998
1899,Montrose,57,56.7213304436428,-2.46576667724605
1899,Grimsby (Prince's Dock),55,53.5674710000001,-0.0807839999998805
1899,TION,55,,
1899,CONTENTS,54,,
1899,Irvine,51,55.618333779517,-4.65659498413083
1899,London (Surrey Commercial Docks),46,51.5073509000001,-0.127758299999982
1899,ION,45,,
1899,JOINERY OF EVERY DESCRIPTION,44,,
1899,Liverpool (Queen's Dock),44,53.4083714,-2.99157259999998
1899,QUEENBORO',42,51.416139674537,0.742809298858174
1899,Truro,39,50.2631950000001,-5.05104099999994
1899,Liverpool (Coburg Dock),38,53.4083714,-2.99157259999998
1899,VIGERS BROS,34,,
1899,Wick,30,58.4430600485415,-3.09285166137693
1899,ROBERT,30,,
1899,Liverpool (Tilbury Docks),30,53.4083714,-2.99157259999998
1899,Dover,28,51.1278758,1.31340270000004
1899,JOINERY SENT FREE,27,,
1899,Cork,25,51.9014959520001,-8.44685895399994
1899,Berwick,25,55.7702420000001,-2.00539499999996
1899,Exeter,24,50.7184120000001,-3.53389899999991
1899,M. S. RENNET,23,,
1899,& CO,23,,
1899,Londonderry,22,55.0114105220001,-7.30041944099997
1899,Greenock (Tilbury Docks),21,55.9505077629267,-4.75971798437838
1899,London (Queen's Dock),20,51.5073509000001,-0.127758299999982
1899,Milford,19,,
1899,M.J,18,,
1899,Cowes,17,50.7627850000001,-1.30053299999997
1899,Alloa,16,56.1163031824617,-3.79518671321335
1899,MOI,16,,
1899,MR. F. P. RYBKIN ... ... F R,16,,
1899,Lerwick,15,,
1899,CANADA DOCK,14,,
1899,ENCE INVITED,14,,
1899,Goole (Queen's Dock),14,53.7029410000001,-0.876380999999981
1899,Limerick,13,,
1899,NEWPORT MON,13,,
1899,Liverpool (Brunswick Dock),11,53.4083714,-2.99157259999998
1899,BOXES,10,,
1899,Troon,10,55.5444127055824,-4.67361271972649
1899,TLEPOOL,10,,
1899,Swansea,9,51.62144,-3.94364599999994
1899,Liverpool (Alexandra Dock),9,53.4083714,-2.99157259999998
1899,London (Millwall Docks),9,51.5073509000001,-0.127758299999982
1899,Newry,9,54.1483756060001,-6.32235385399997
1899,BON'ESS,9,,
1899,MIDDLESBRO,9,,
1899,FOR,9,,
1899,Liverpool (Union Dock),9,53.4083714,-2.99157259999998
1899,DO FEET SUPER,9,,
1899,ING,9,,
1899,Kirkcaldy,8,56.109236880424,-3.16149504760739
1899,Cardiff,8,51.4815810000001,-3.17908999999992
1899,London (Victoria Docks),8,51.5073509000001,-0.127758299999982
1899,Grimsby (Bull Dock),8,53.5674710000001,-0.0807839999998805
1899,Glasgow,7,55.8582389117887,-4.24254728271348
1899,Granton,7,,
1899,London (West India Docks),7,51.5073509000001,-0.127758299999982
1899,London (Royal Albert Docks),7,51.5073509000001,-0.127758299999982
1899,LANGTON DOCK,7,,
1899,Liverpool (Wellington Dock),7,53.4083714,-2.99157259999998
1899,GESUND,7,,
1899,M.I.M.E,7,,
1899,Leith,6,55.9765554947196,-3.16607291534422
1899,TOXTETH DOCK,6,,
1899,London (Nelson Dock),6,51.5073509000001,-0.127758299999982
1899,Grimsby (Coburg Dock),6,53.5674710000001,-0.0807839999998805
1899,BLOCKS,6,,
1899,W. B,6,,
1899,M. S. RENNIE & CO,6,,
1899,SLEEPERS,6,,
1899,HUSKISSON DOCK,5,,
1899,HORNBY DOCK,5,,
1899,Gloucester,5,51.8642449,-2.23815599999989
1899,MITREING,5,,
1899,SKIBBEREEN,5,,
1899,GILMOUR,5,,
1899,VIGERS,5,,
1899,Grangemouth,4,56.0086943296901,-3.71710520629876
1899,Ardrossan,4,55.6481390173549,-4.80960840777251
1899,HORNSEY DOCK,4,,
1899,GREAT GRIMSBY,4,,
1899,MANCHESTER,4,53.4807593,-2.24263050000002
1899,Yarmouth,4,52.1084745429551,1.33582938769132
1899,VERPOOL,4,,
1899,Liverpool (Coburg Docks),4,53.4083714,-2.99157259999998
1899,EXPORT,4,,
1899,Hull (Union Dock),4,53.7456708999999,-0.336741299999971
1899,TES GIVEN,4,,
1899,ERSBURG,4,,
1899,BIRKENHEAD DOCK,3,,
1899,London (Other Docks and Wharves),3,51.5073509000001,-0.127758299999982
1899,ALBERT DOCK,3,,
1899,Hartlepool (West),3,54.6917449999999,-1.21292600000004
1899,HARRINGTON DOCK,3,,
1899,E.C,3,,
1899,MLS,3,,
1899,S. RENNIE & CO,3,,
1899,Sligo,3,54.277488562,-8.48034919799994
1899,BULL DOCK,3,,
1899,Wexford,3,52.3386830540001,-6.45647567999993
1899,LIMITED,3,,
1899,KINGS LYNN,3,,
1899,L & CO,3,,
1899,NERY,3,,
1899,Hull (Victoria Dock),2,53.7456708999999,-0.336741299999971
1899,EAST INDIA DOCKS,2,,
1899,GARSTON DOCK,2,,
1899,"JAMES HARRISON,",2,,
1899,RAILWAY DOCK,2,,
1899,OTHER DOCKS,2,,
1899,SOUTH-WEST INDIA DOCKS,2,,
1899,"NEWPORT, MON",2,,
1899,Ayr,2,55.4703747229195,-4.63760140747054
1899,Aberdeen,2,57.1453346208669,-2.10306332275388
1899,AVONMOUTH DOCK,2,51.501958264588,-2.70636874389645
1899,Sunderland,2,54.9068690000001,-1.38380099999989
1899,Wisbech,2,52.666317,0.158797000000163
1899,Belfast,2,54.613523371,-5.90696169099994
1899,BRIDPORT,2,50.7335769,-2.7583009999999
1899,SCO,2,,
1899,UNION DOCKS,2,,
1899,BUILDERS WOOD,2,,
1899,COBURG DOCKS,2,,
1899,ES KENNEDY & CO,2,,
1899,TILE DOCKS,2,,
1899,GEORGE LOVE,2,,
1899,WIDNES DOCK,2,,
1899,London (Union Dock),2,51.5073509000001,-0.127758299999982
1899,SUNDQUIST & CO,2,,
1899,BUILDERS,2,,
1899,JUST OUT,2,,
1899,EX PORT MELBOURNE,2,,
1899,AMERIKA,1,,
1899,HARTLEPOOL,1,54.6917449999999,-1.21292600000004
1899,WILLIAM WRIGHT'S DOCK,1,,
1899,SOUTH WEST INDIA DOCKS,1,,
1899,Ramsgate,1,51.3355450000001,1.41989499999994
1899,Scarborough,1,54.283113,-0.399751999999978
1899,PRESTON,1,53.763201,-2.70308999999992
1899,Southampton,1,50.9097004,-1.40435090000005
1899,Weymouth,1,50.6144279,-2.45762099999996
1899,Barrow,1,,
1899,Folkestone,1,51.081397,1.16945599999991
1899,Galway,1,53.269014434,-9.04777257699993
1899,ROYAL VICTORIA DOCK,1,,
1899,LITTLETOWN,1,,
1899,Liverpool (Union Docks),1,53.4083714,-2.99157259999998
1899,R. G. TICKLE & SON,1,,
1899,KIRKWOOD & CO,1,,
1899,London (Tile Docks),1,51.5073509000001,-0.127758299999982
1899,Bristol (Queen's Dock),1,51.4545130000001,-2.58790999999997
1899,EXPORTERS OF,1,,
1899,CTION,1,,
1899,SECTION,1,,
1899,LE & SON,1,,
1899,UNSECURED,1,,
1899,CREWE,1,,
1899,ROOFING FELT,1,,
1899,WIGTOWN,1,54.8676447222298,-4.44449749206541
1899,RECEIVING ORDERS,1,,
