year,port_name,latitude,longitude,ship_count
1874,LIVERPOOL,53.4083714,-2.99157259999998,929
1874,LONDON,51.5073509000001,-0.127758299999982,817
1874,BRISTOL,51.4545130000001,-2.58790999999997,609
1874,DUNDEE,56.4612028818325,-2.96765932817017,205
1874,GREENOCK,55.9505077629267,-4.75971798437838,137
1874,Borrowstounness (Bo'Ness),56.0191848626102,-3.60281840209956,123
1874,MONTROSE,56.7213304436428,-2.46576667724605,2
1875,BRISTOL,51.4545130000001,-2.58790999999997,647
1875,LONDON,51.5073509000001,-0.127758299999982,550
1875,GREENOCK,55.9505077629267,-4.75971798437838,492
1875,LIVERPOOL,53.4083714,-2.99157259999998,346
1875,DUNDEE,56.4612028818325,-2.96765932817017,155
1875,Borrowstounness (Bo'Ness),56.0191848626102,-3.60281840209956,153
1875,WICK,58.4430600485415,-3.09285166137693,106
1875,GRIMSBY,53.5674710000001,-0.0807839999998805,8
1876,GRIMSBY,53.5674710000001,-0.0807839999998805,4
1876,GREENOCK,55.9505077629267,-4.75971798437838,3
1877,DUNDEE,56.4612028818325,-2.96765932817017,2759
1877,LIVERPOOL,53.4083714,-2.99157259999998,463
1877,BRISTOL,51.4545130000001,-2.58790999999997,298
1877,GREENOCK,55.9505077629267,-4.75971798437838,278
1877,WICK,58.4430600485415,-3.09285166137693,257
1877,Borrowstounness (Bo'Ness),56.0191848626102,-3.60281840209956,243
1877,INVERNESS,57.4827277738256,-4.22737025390621,99
1877,POOLE,50.7150500000001,-1.98724800000002,85
1877,Tyne Ports,55.0179189721861,-1.42556335449211,68
1877,GRIMSBY,53.5674710000001,-0.0807839999998805,65
1877,Leith,55.9765554947196,-3.16607291534422,46
1877,Lerwick,60.155,-1.145,34
1877,MONTROSE,56.7213304436428,-2.46576667724605,25
1877,NEWRY,54.1483756060001,-6.32235385399997,17
1877,LONDON,51.5073509000001,-0.127758299999982,9
1878,BRISTOL,51.4545130000001,-2.58790999999997,25
1879,LONDON,51.5073509000001,-0.127758299999982,1579
1879,Lynn (King's Lynn),52.7516798,0.402296300000103,1150
1879,LIVERPOOL,53.4083714,-2.99157259999998,1027
1879,BRISTOL,51.4545130000001,-2.58790999999997,572
1879,GRIMSBY,53.5674710000001,-0.0807839999998805,448
1879,POOLE,50.7150500000001,-1.98724800000002,303
1879,GREENOCK,55.9505077629267,-4.75971798437838,215
1879,DUNDEE,56.4612028818325,-2.96765932817017,211
1879,Borrowstounness (Bo'Ness),56.0191848626102,-3.60281840209956,142
1879,GOOLE,53.7029410000001,-0.876380999999981,119
1879,Tyne Ports,55.0179189721861,-1.42556335449211,39
1879,NEWCASTLE-ON-TYNE,54.978252,-1.61777999999998,29
1879,Burry Port,51.6827160162001,-4.24937562131073,25
1879,NEWPORT,51.584151,-2.99766399999993,25
1879,HULL,53.7456708999999,-0.336741299999971,19
1879,SOUTHAMPTON,50.9097004,-1.40435090000005,11
1879,SUNDERLAND,54.9068690000001,-1.38380099999989,11
1879,SWANSEA,51.62144,-3.94364599999994,7
1879,CARDIFF,51.4815810000001,-3.17908999999992,5
1879,BARROW-IN-FURNESS,54.1089670000001,-3.21889399999998,4
1879,Avonmouth Dock,51.501958264588,-2.70636874389645,1
1879,BURRY PORT,51.6827160162001,-4.24937562131073,1
1879,MALDON,51.7318050000001,0.671448000000169,1
1879,WHITBY,54.4863350000001,-0.613346999999919,1
1880,LONDON,51.5073509000001,-0.127758299999982,52
1880,NEWPORT,51.584151,-2.99766399999993,52
1880,LIVERPOOL,53.4083714,-2.99157259999998,39
1880,BRISTOL,51.4545130000001,-2.58790999999997,38
1880,Tyne Ports,55.0179189721861,-1.42556335449211,21
1880,LEITH,55.9765554947196,-3.16607291534422,18
1880,GRIMSBY,53.5674710000001,-0.0807839999998805,17
1880,DUNDEE,56.4612028818325,-2.96765932817017,14
1880,GREENOCK,55.9505077629267,-4.75971798437838,14
1880,MONTROSE,56.7213304436428,-2.46576667724605,14
1880,ALLOA,56.1163031824617,-3.79518671321335,12
1880,BELFAST,54.613523371,-5.90696169099994,9
1880,London,51.5073509000001,-0.127758299999982,8
1880,Borrowstounness (Bo'Ness),56.0191848626102,-3.60281840209956,7
1880,DUBLIN,53.346388727,-6.21662037199997,6
1880,GLASGOW,55.8582389117887,-4.24254728271348,6
1880,SWANSEA,51.62144,-3.94364599999994,6
1880,GRANGEMOUTH,56.0086943296901,-3.71710520629876,5
1880,MIDDLESBROUGH,54.5742270000001,-1.23495600000001,5
1880,ABERDEEN,57.1453346208669,-2.10306332275388,4
1880,AYR,55.4703747229195,-4.63760140747054,4
1880,Lerwick,60.155,-1.145,4
1880,Lynn (King's Lynn),52.7516798,0.402296300000103,4
1880,PETERHEAD,57.5065199884148,-1.79653335449211,4
1880,PLYMOUTH,50.3754565,-4.14265649999993,4
1880,SOUTHAMPTON,50.9097004,-1.40435090000005,4
1880,YARMOUTH,50.7066653578368,-1.50013614288336,4
1880,CORK,51.9014959520001,-8.44685895399994,3
1880,NEWHAVEN,50.79307,0.0455740000000446,3
1880,SUNDERLAND,54.9068690000001,-1.38380099999989,3
1880,TROON,55.5444127055824,-4.67361271972649,3
1880,WISBECH,52.666317,0.158797000000163,3
1880,GOOLE,53.7029410000001,-0.876380999999981,2
1880,Granton Harbour,55.9840543311144,-3.22823169311514,2
1880,HULL,53.7456708999999,-0.336741299999971,2
1880,Hartlepool,54.6917449999999,-1.21292600000004,2
1880,KIRKCALDY,56.109236880424,-3.16149504760739,2
1880,LONDONDERRY,55.0114105220001,-7.30041944099997,2
1880,LimerickL,52.660797938,-8.63965508699994,2
1880,MARYPORT,54.714441,-3.49494000000004,2
1880,NEWRY,54.1483756060001,-6.32235385399997,2
1880,PERTH,56.3958320136505,-3.43183501586907,2
1880,ROCHESTER,51.3880000000001,0.506721000000084,2
1880,ARDROSSAN,55.6481390173549,-4.80960840777251,1
1880,BEAUMARIS,53.2658650000001,-4.09199000000001,1
1880,CARDIFF,51.4815810000001,-3.17908999999992,1
1880,CHESTER,53.1933920000001,-2.8930749999999,1
1880,EXETER,50.7184120000001,-3.53389899999991,1
1880,FOWEY,50.3349900000001,-4.63652499999995,1
1880,GALWAY,53.269014434,-9.04777257699993,1
1880,GLOUCESTER,51.8642449,-2.23815599999989,1
1880,INVERNESS,57.4827277738256,-4.22737025390621,1
1880,Llanelli,51.680886,-4.16024800000002,1
1880,PENZANCE,50.118798,-5.53759199999996,1
1880,POOLE,50.7150500000001,-1.98724800000002,1
1880,PORTSMOUTH,50.8197675000001,-1.0879769,1
1880,STRANRAER,54.9057043138819,-5.01757162963861,1
1880,Shoreham-by-Sea,50.8342086000001,-0.271555799999987,1
1880,WEXFORD,52.3386830540001,-6.45647567999993,1
1881,LONDON,51.5073509000001,-0.127758299999982,1688
1881,GRIMSBY,53.5674710000001,-0.0807839999998805,1674
1881,LIVERPOOL,53.4083714,-2.99157259999998,1525
1881,Tyne Ports,55.0179189721861,-1.42556335449211,1238
1881,NEWPORT,51.584151,-2.99766399999993,847
1881,BRISTOL,51.4545130000001,-2.58790999999997,745
1881,DUNDEE,56.4612028818325,-2.96765932817017,631
1881,Lynn (King's Lynn),52.7516798,0.402296300000103,465
1881,Stockton-on-Tees,54.5704551000001,-1.32898209999991,461
1881,Borrowstounness (Bo'Ness),56.0191848626102,-3.60281840209956,406
1881,GREENOCK,55.9505077629267,-4.75971798437838,373
1881,Newport,51.584151,-2.99766399999993,373
1881,POOLE,50.7150500000001,-1.98724800000002,368
1881,INVERNESS,57.4827277738256,-4.22737025390621,224
1881,WICK,58.4430600485415,-3.09285166137693,201
1881,MONTROSE,56.7213304436428,-2.46576667724605,193
1881,NEWRY,54.1483756060001,-6.32235385399997,180
1881,SLIGO,54.277488562,-8.48034919799994,165
1881,Berwick-upon-Tweed,55.7702420000001,-2.00539499999996,159
1881,DUBLIN,53.346388727,-6.21662037199997,122
1881,FOWEY,50.3349900000001,-4.63652499999995,105
1881,FLEETWOOD,53.9154477593217,-3.01331410565124,104
1881,RUNCORN,53.3420780000001,-2.72967299999999,76
1881,GOOLE,53.7029410000001,-0.876380999999981,65
1881,CORK,51.9014959520001,-8.44685895399994,58
1881,DOVER,51.1278758,1.31340270000004,58
1881,WEXFORD,52.3386830540001,-6.45647567999993,58
1881,Middlesbrough,54.5742270000001,-1.23495600000001,53
1881,RYE,50.949708,0.737260000000049,51
1881,EXETER,50.7184120000001,-3.53389899999991,42
1881,LimerickL,52.660797938,-8.63965508699994,42
1881,LONDONDERRY,55.0114105220001,-7.30041944099997,39
1881,SUNDERLAND,54.9068690000001,-1.38380099999989,39
1881,TRURO,50.2631950000001,-5.05104099999994,36
1881,SWANSEA,51.62144,-3.94364599999994,35
1881,Hartlepool,54.6917449999999,-1.21292600000004,30
1881,Milford Haven,51.7143060000001,-5.04269709999988,30
1881,BRIDPORT,50.7335769,-2.7583009999999,27
1881,CARDIFF,51.4815810000001,-3.17908999999992,26
1881,Lerwick,60.155,-1.145,26
1881,LEITH,55.9765554947196,-3.16607291534422,23
1881,MIDDLESBROUGH,54.5742270000001,-1.23495600000001,23
1881,SOUTHAMPTON,50.9097004,-1.40435090000005,23
1881,Skibbereen,51.5486,-9.2636,23
1881,WOODBRIDGE,52.095481,1.31257099999993,23
1881,GLASGOW,55.8582389117887,-4.24254728271348,22
1881,PLYMOUTH,50.3754565,-4.14265649999993,19
1881,WISBECH,52.666317,0.158797000000163,19
1881,TROON,55.5444127055824,-4.67361271972649,18
1881,YARMOUTH,50.7066653578368,-1.50013614288336,18
1881,COWES,50.7627850000001,-1.30053299999997,17
1881,Granton Harbour,55.9840543311144,-3.22823169311514,17
1881,Shoreham-by-Sea,50.8342086000001,-0.271555799999987,16
1881,WORKINGTON,54.643569,-3.54275200000001,16
1881,ABERDEEN,57.1453346208669,-2.10306332275388,15
1881,ROCHESTER,51.3880000000001,0.506721000000084,15
1881,GRANGEMOUTH,56.0086943296901,-3.71710520629876,14
1881,ALLOA,56.1163031824617,-3.79518671321335,13
1881,HULL,53.7456708999999,-0.336741299999971,13
1881,BELFAST,54.613523371,-5.90696169099994,12
1881,PORTSMOUTH,50.8197675000001,-1.0879769,12
1881,NEWHAVEN,50.79307,0.0455740000000446,11
1881,GLOUCESTER,51.8642449,-2.23815599999989,10
1881,Dundee,56.4612028818325,-2.96765932817017,9
1881,Barrow-in-Furness,54.1089670000001,-3.21889399999998,8
1881,LOWESTOFT,52.481138,1.75344900000016,8
1881,MARYPORT,54.714441,-3.49494000000004,8
1881,Llanelli,51.680886,-4.16024800000002,6
1881,KIRKCALDY,56.109236880424,-3.16149504760739,5
1881,WIGTOWN,54.8676447222298,-4.44449749206541,5
1881,BIDEFORD,51.0166840000001,-4.20666599999998,4
1881,MALDON,51.7318050000001,0.671448000000169,4
1881,RAMSGATE,51.3355450000001,1.41989499999994,4
1881,WELLS,54.983048797171,-1.4063721970826,4
1881,WHITEHAVEN,54.5496990000001,-3.58923300000004,4
1881,AYR,55.4703747229195,-4.63760140747054,3
1881,BEAUMARIS,53.2658650000001,-4.09199000000001,3
1881,CHESTER,53.1933920000001,-2.8930749999999,3
1881,GALWAY,53.269014434,-9.04777257699993,3
1881,Greenock,55.9505077629267,-4.75971798437838,3
1881,HARWICH,51.9347310000001,1.26029700000004,3
1881,IPSWICH,52.056736,1.14822000000004,3
1881,PETERHEAD,57.5065199884148,-1.79653335449211,3
1881,ARDROSSAN,55.6481390173549,-4.80960840777251,2
1881,COLCHESTER,51.895927,0.891874000000087,2
1881,DARTMOUTH,50.352517,-3.57880699999998,2
1881,LANCASTER,54.046575,-2.8007399,2
1881,PENZANCE,50.118798,-5.53759199999996,2
1881,PERTH,56.3958320136505,-3.43183501586907,2
1881,SCARBOROUGH,54.283113,-0.399751999999978,2
1881,TEIGNMOUTH,50.5470330000001,-3.49668799999984,2
1881,ARBROATH,56.5628888704369,-2.59099889825813,1
1881,Aberystwyth,52.415303,-4.08292000000006,1
1881,BARNSTAPLE,51.0784564808267,-4.06095583599865,1
1881,BRIDGWATER,51.1326558933295,-3.00590651324461,1
1881,FOLKESTONE,51.081397,1.16945599999991,1
1881,LITTLEHAMPTON,50.811057,-0.538660899999968,1
1881,WHITBY,54.4863350000001,-0.613346999999919,1
1882,LIVERPOOL,53.4083714,-2.99157259999998,34
1882,BRISTOL,51.4545130000001,-2.58790999999997,33
1882,GRIMSBY,53.5674710000001,-0.0807839999998805,27
1882,EXETER,50.7184120000001,-3.53389899999991,6
1882,Tyne Ports,55.0179189721861,-1.42556335449211,6
1882,LONDON,51.5073509000001,-0.127758299999982,5
1882,PLYMOUTH,50.3754565,-4.14265649999993,5
1882,HULL,53.7456708999999,-0.336741299999971,4
1882,NEWPORT,51.584151,-2.99766399999993,4
1882,SWANSEA,51.62144,-3.94364599999994,4
1882,DOVER,51.1278758,1.31340270000004,3
1882,PORTSMOUTH,50.8197675000001,-1.0879769,3
1882,SUNDERLAND,54.9068690000001,-1.38380099999989,3
1882,Shoreham-by-Sea,50.8342086000001,-0.271555799999987,3
1882,BIDEFORD,51.0166840000001,-4.20666599999998,2
1882,NEWHAVEN,50.79307,0.0455740000000446,2
1882,PENZANCE,50.118798,-5.53759199999996,2
1882,SOUTHAMPTON,50.9097004,-1.40435090000005,2
1882,Lynn (King's Lynn),52.7516798,0.402296300000103,1
1882,MARYPORT,54.714441,-3.49494000000004,1
1882,MIDDLESBROUGH,54.5742270000001,-1.23495600000001,1
1882,MONTROSE,56.7213304436428,-2.46576667724605,1
1882,RYE,50.949708,0.737260000000049,1
1882,Stockton-on-Tees,54.5704551000001,-1.32898209999991,1
1883,LONDON,51.5073509000001,-0.127758299999982,1986
1883,GRIMSBY,53.5674710000001,-0.0807839999998805,1966
1883,LIVERPOOL,53.4083714,-2.99157259999998,1558
1883,Tyne Ports,55.0179189721861,-1.42556335449211,1424
1883,NEWPORT,51.584151,-2.99766399999993,959
1883,DUNDEE,56.4612028818325,-2.96765932817017,834
1883,BRISTOL,51.4545130000001,-2.58790999999997,759
1883,Borrowstounness (Bo'Ness),56.0191848626102,-3.60281840209956,575
1883,POOLE,50.7150500000001,-1.98724800000002,515
1883,Lynn (King's Lynn),52.7516798,0.402296300000103,370
1883,INVERNESS,57.4827277738256,-4.22737025390621,368
1883,GREENOCK,55.9505077629267,-4.75971798437838,366
1883,WICK,58.4430600485415,-3.09285166137693,302
1883,Stockton-on-Tees,54.5704551000001,-1.32898209999991,240
1883,MONTROSE,56.7213304436428,-2.46576667724605,202
1883,DUBLIN,53.346388727,-6.21662037199997,157
1883,SLIGO,54.277488562,-8.48034919799994,140
1883,GOOLE,53.7029410000001,-0.876380999999981,136
1883,FOWEY,50.3349900000001,-4.63652499999995,131
1883,FLEETWOOD,53.9154477593217,-3.01331410565124,129
1883,WEXFORD,52.3386830540001,-6.45647567999993,95
1883,LONDONDERRY,55.0114105220001,-7.30041944099997,83
1883,EXETER,50.7184120000001,-3.53389899999991,75
1883,CORK,51.9014959520001,-8.44685895399994,74
1883,LimerickL,52.660797938,-8.63965508699994,73
1883,TROON,55.5444127055824,-4.67361271972649,64
1883,DOVER,51.1278758,1.31340270000004,61
1883,NEWRY,54.1483756060001,-6.32235385399997,50
1883,WORKINGTON,54.643569,-3.54275200000001,49
1883,LEITH,55.9765554947196,-3.16607291534422,45
1883,Milford Haven,51.7143060000001,-5.04269709999988,41
1883,WIGTOWN,54.8676447222298,-4.44449749206541,32
1883,Berwick-upon-Tweed,55.7702420000001,-2.00539499999996,30
1883,GLASGOW,55.8582389117887,-4.24254728271348,30
1883,GRANGEMOUTH,56.0086943296901,-3.71710520629876,26
1883,TRURO,50.2631950000001,-5.05104099999994,26
1883,ALLOA,56.1163031824617,-3.79518671321335,25
1883,CARDIFF,51.4815810000001,-3.17908999999992,25
1883,RUNCORN,53.3420780000001,-2.72967299999999,23
1883,Granton Harbour,55.9840543311144,-3.22823169311514,20
1883,Lerwick,60.155,-1.145,20
1883,HULL,53.7456708999999,-0.336741299999971,19
1883,Hartlepool,54.6917449999999,-1.21292600000004,17
1883,SUNDERLAND,54.9068690000001,-1.38380099999989,17
1883,SWANSEA,51.62144,-3.94364599999994,15
1883,COWES,50.7627850000001,-1.30053299999997,13
1883,KIRKCALDY,56.109236880424,-3.16149504760739,12
1883,GLOUCESTER,51.8642449,-2.23815599999989,9
1883,ABERDEEN,57.1453346208669,-2.10306332275388,8
1883,Barrow-in-Furness,54.1089670000001,-3.21889399999998,8
1883,MIDDLESBROUGH,54.5742270000001,-1.23495600000001,8
1883,NEWHAVEN,50.79307,0.0455740000000446,8
1883,SOUTHAMPTON,50.9097004,-1.40435090000005,8
1883,YARMOUTH,50.7066653578368,-1.50013614288336,8
1883,AYR,55.4703747229195,-4.63760140747054,7
1883,CHESTER,53.1933920000001,-2.8930749999999,7
1883,Llanelli,51.680886,-4.16024800000002,7
1883,PETERHEAD,57.5065199884148,-1.79653335449211,7
1883,BELFAST,54.613523371,-5.90696169099994,6
1883,WHITEHAVEN,54.5496990000001,-3.58923300000004,6
1883,WISBECH,52.666317,0.158797000000163,6
1883,ARBROATH,56.5628888704369,-2.59099889825813,5
1883,Middlesbrough,54.5742270000001,-1.23495600000001,5
1883,PLYMOUTH,50.3754565,-4.14265649999993,5
1883,BRIDGWATER,51.1326558933295,-3.00590651324461,4
1883,FOLKESTONE,51.081397,1.16945599999991,4
1883,ROCHESTER,51.3880000000001,0.506721000000084,4
1883,BEAUMARIS,53.2658650000001,-4.09199000000001,3
1883,COLCHESTER,51.895927,0.891874000000087,3
1883,FALMOUTH,50.152571,-5.06627000000003,3
1883,IPSWICH,52.056736,1.14822000000004,3
1883,LOWESTOFT,52.481138,1.75344900000016,3
1883,PENZANCE,50.118798,-5.53759199999996,3
1883,Aberystwyth,52.415303,-4.08292000000006,2
1883,CARDIGAN,52.083703,-4.66086399999989,2
1883,DOUGLAS,54.1474883509337,-4.47930775924688,2
1883,FAVERSHAM,51.3174325831495,0.888274418029924,2
1883,GALWAY,53.269014434,-9.04777257699993,2
1883,PORTSMOUTH,50.8197675000001,-1.0879769,2
1883,Shoreham-by-Sea,50.8342086000001,-0.271555799999987,2
1883,ARDROSSAN,55.6481390173549,-4.80960840777251,1
1883,LANCASTER,54.046575,-2.8007399,1
1883,LITTLEHAMPTON,50.811057,-0.538660899999968,1
1883,MARYPORT,54.714441,-3.49494000000004,1
1883,RAMSGATE,51.3355450000001,1.41989499999994,1
1883,SCARBOROUGH,54.283113,-0.399751999999978,1
1883,STRANRAER,54.9057043138819,-5.01757162963861,1
1883,Skibbereen,51.5486,-9.2636,1
1883,TEIGNMOUTH,50.5470330000001,-3.49668799999984,1
1883,WEYMOUTH,50.6144279,-2.45762099999996,1
1883,WHITBY,54.4863350000001,-0.613346999999919,1
1884,LIVERPOOL,53.4083714,-2.99157259999998,111
1884,LONDON,51.5073509000001,-0.127758299999982,87
1884,NEWPORT,51.584151,-2.99766399999993,68
1884,Tyne Ports,55.0179189721861,-1.42556335449211,67
1884,DUNDEE,56.4612028818325,-2.96765932817017,63
1884,BRISTOL,51.4545130000001,-2.58790999999997,54
1884,GRIMSBY,53.5674710000001,-0.0807839999998805,34
1884,CORK,51.9014959520001,-8.44685895399994,23
1884,GOOLE,53.7029410000001,-0.876380999999981,20
1884,Borrowstounness (Bo'Ness),56.0191848626102,-3.60281840209956,15
1884,GREENOCK,55.9505077629267,-4.75971798437838,15
1884,POOLE,50.7150500000001,-1.98724800000002,14
1884,INVERNESS,57.4827277738256,-4.22737025390621,13
1884,Lynn (King's Lynn),52.7516798,0.402296300000103,10
1884,Stockton-on-Tees,54.5704551000001,-1.32898209999991,9
1884,FLEETWOOD,53.9154477593217,-3.01331410565124,5
1884,SLIGO,54.277488562,-8.48034919799994,4
1884,EXETER,50.7184120000001,-3.53389899999991,3
1884,WICK,58.4430600485415,-3.09285166137693,3
1884,LONDONDERRY,55.0114105220001,-7.30041944099997,2
1884,MONTROSE,56.7213304436428,-2.46576667724605,2
1884,Milford Haven,51.7143060000001,-5.04269709999988,2
1884,NEWRY,54.1483756060001,-6.32235385399997,2
1884,PLYMOUTH,50.3754565,-4.14265649999993,2
1884,SUNDERLAND,54.9068690000001,-1.38380099999989,2
1884,SWANSEA,51.62144,-3.94364599999994,2
1884,TRURO,50.2631950000001,-5.05104099999994,2
1884,ALLOA,56.1163031824617,-3.79518671321335,1
1884,BELFAST,54.613523371,-5.90696169099994,1
1884,DOVER,51.1278758,1.31340270000004,1
1884,DUBLIN,53.346388727,-6.21662037199997,1
1884,GLASGOW,55.8582389117887,-4.24254728271348,1
1884,GRANGEMOUTH,56.0086943296901,-3.71710520629876,1
1884,KIRKCALDY,56.109236880424,-3.16149504760739,1
1884,LEITH,55.9765554947196,-3.16607291534422,1
1884,SOUTHAMPTON,50.9097004,-1.40435090000005,1
1884,WISBECH,52.666317,0.158797000000163,1
1885,LONDON,51.5073509000001,-0.127758299999982,2021
1885,GRIMSBY,53.5674710000001,-0.0807839999998805,1929
1885,LIVERPOOL,53.4083714,-2.99157259999998,1368
1885,Tyne Ports,55.0179189721861,-1.42556335449211,1078
1885,BRISTOL,51.4545130000001,-2.58790999999997,962
1885,NEWPORT,51.584151,-2.99766399999993,878
1885,DUNDEE,56.4612028818325,-2.96765932817017,850
1885,POOLE,50.7150500000001,-1.98724800000002,479
1885,Stockton-on-Tees,54.5704551000001,-1.32898209999991,362
1885,Borrowstounness (Bo'Ness),56.0191848626102,-3.60281840209956,347
1885,GREENOCK,55.9505077629267,-4.75971798437838,292
1885,Lynn (King's Lynn),52.7516798,0.402296300000103,269
1885,INVERNESS,57.4827277738256,-4.22737025390621,264
1885,GOOLE,53.7029410000001,-0.876380999999981,261
1885,DUBLIN,53.346388727,-6.21662037199997,177
1885,MONTROSE,56.7213304436428,-2.46576667724605,133
1885,WICK,58.4430600485415,-3.09285166137693,121
1885,NEWRY,54.1483756060001,-6.32235385399997,118
1885,FLEETWOOD,53.9154477593217,-3.01331410565124,113
1885,Borden,51.334,0.703,102
1885,FOWEY,50.3349900000001,-4.63652499999995,96
1885,CORK,51.9014959520001,-8.44685895399994,94
1885,EXETER,50.7184120000001,-3.53389899999991,91
1885,Deptford,51.478,-0.0265,84
1885,SLIGO,54.277488562,-8.48034919799994,79
1885,LONDONDERRY,55.0114105220001,-7.30041944099997,70
1885,TRURO,50.2631950000001,-5.05104099999994,61
1885,WEXFORD,52.3386830540001,-6.45647567999993,57
1885,DOVER,51.1278758,1.31340270000004,54
1885,Goole,53.7029410000001,-0.876380999999981,52
1885,Lerwick,60.155,-1.145,50
1885,LimerickL,52.660797938,-8.63965508699994,49
1885,Newport,51.584151,-2.99766399999993,39
1885,WORKINGTON,54.643569,-3.54275200000001,39
1885,London,51.5073509000001,-0.127758299999982,33
1885,Silvertown,51.5,0.03,30
1885,Liverpool,53.4083714,-2.99157259999998,25
1885,Tilbury Docks,51.454605122463,0.346938878173947,24
1885,COWES,50.7627850000001,-1.30053299999997,22
1885,TROON,55.5444127055824,-4.67361271972649,21
1885,Milford Haven,51.7143060000001,-5.04269709999988,20
1885,Cliffe,51.4619,0.4975,18
1885,Berwick-upon-Tweed,55.7702420000001,-2.00539499999996,17
1885,LOOE,50.3570286798092,-4.45492833862304,13
1885,BIDEFORD,51.0166840000001,-4.20666599999998,11
1885,INVERGORDON,57.6878475545925,-4.16644392846346,11
1885,OXFORD,51.7520208999999,-1.2577263,6
1885,Dublin,53.346388727,-6.21662037199997,4
1885,TILBURY DOCKS,51.454605122463,0.346938878173947,3
1885,ST. IVES,50.2103283749618,-5.48563635581966,2
1885,Skibbereen,51.5486,-9.2636,2
1885,IRVINE,55.618333779517,-4.65659498413083,1
1886,LIVERPOOL,53.4083714,-2.99157259999998,60
1886,LONDON,51.5073509000001,-0.127758299999982,38
1886,NEWPORT,51.584151,-2.99766399999993,30
1886,BRISTOL,51.4545130000001,-2.58790999999997,25
1886,GRIMSBY,53.5674710000001,-0.0807839999998805,24
1886,Tyne Ports,55.0179189721861,-1.42556335449211,22
1886,DUNDEE,56.4612028818325,-2.96765932817017,16
1886,MONTROSE,56.7213304436428,-2.46576667724605,6
1886,GOOLE,53.7029410000001,-0.876380999999981,4
1886,Borrowstounness (Bo'Ness),56.0191848626102,-3.60281840209956,3
1886,CARDIFF,51.4815810000001,-3.17908999999992,3
1886,GREENOCK,55.9505077629267,-4.75971798437838,3
1886,SURREY COMMERCIAL DOCKS,51.4970097932452,-0.0483259357263694,3
1886,DUBLIN,53.346388727,-6.21662037199997,2
1886,GLASGOW,55.8582389117887,-4.24254728271348,2
1886,HULL,53.7456708999999,-0.336741299999971,2
1886,Hartlepool,54.6917449999999,-1.21292600000004,2
1886,LEITH,55.9765554947196,-3.16607291534422,2
1886,London,51.5073509000001,-0.127758299999982,2
1886,MIDDLESBROUGH,54.5742270000001,-1.23495600000001,2
1886,SUNDERLAND,54.9068690000001,-1.38380099999989,2
1886,SWANSEA,51.62144,-3.94364599999994,2
1886,BELFAST,54.613523371,-5.90696169099994,1
1886,BRIDGWATER,51.1326558933295,-3.00590651324461,1
1886,DOUGLAS,54.1474883509337,-4.47930775924688,1
1886,FOLKESTONE,51.081397,1.16945599999991,1
1886,LONDONDERRY,55.0114105220001,-7.30041944099997,1
1886,PLYMOUTH,50.3754565,-4.14265649999993,1
1886,SOUTHAMPTON,50.9097004,-1.40435090000005,1
1886,Tilbury Docks,51.454605122463,0.346938878173947,1
1887,GRIMSBY,53.5674710000001,-0.0807839999998805,1919
1887,LONDON,51.5073509000001,-0.127758299999982,1810
1887,LIVERPOOL,53.4083714,-2.99157259999998,1443
1887,Tyne Ports,55.0179189721861,-1.42556335449211,1174
1887,DUNDEE,56.4612028818325,-2.96765932817017,889
1887,BRISTOL,51.4545130000001,-2.58790999999997,874
1887,NEWPORT,51.584151,-2.99766399999993,660
1887,POOLE,50.7150500000001,-1.98724800000002,641
1887,Borrowstounness (Bo'Ness),56.0191848626102,-3.60281840209956,387
1887,GREENOCK,55.9505077629267,-4.75971798437838,259
1887,Lynn (King's Lynn),52.7516798,0.402296300000103,233
1887,FLEETWOOD,53.9154477593217,-3.01331410565124,186
1887,INVERNESS,57.4827277738256,-4.22737025390621,172
1887,SLIGO,54.277488562,-8.48034919799994,154
1887,Tilbury Docks,51.454605122463,0.346938878173947,153
1887,WICK,58.4430600485415,-3.09285166137693,136
1887,DUBLIN,53.346388727,-6.21662037199997,127
1887,MONTROSE,56.7213304436428,-2.46576667724605,127
1887,Stockton-on-Tees,54.5704551000001,-1.32898209999991,113
1887,NEWRY,54.1483756060001,-6.32235385399997,87
1887,Deptford,51.478,-0.0265,86
1887,London,51.5073509000001,-0.127758299999982,86
1887,GOOLE,53.7029410000001,-0.876380999999981,84
1887,FOWEY,50.3349900000001,-4.63652499999995,70
1887,LONDONDERRY,55.0114105220001,-7.30041944099997,56
1887,TILBURY DOCKS,51.454605122463,0.346938878173947,54
1887,TROON,55.5444127055824,-4.67361271972649,53
1887,EXETER,50.7184120000001,-3.53389899999991,47
1887,WEXFORD,52.3386830540001,-6.45647567999993,44
1887,CORK,51.9014959520001,-8.44685895399994,43
1887,LimerickL,52.660797938,-8.63965508699994,38
1887,TRURO,50.2631950000001,-5.05104099999994,29
1887,Newport,51.584151,-2.99766399999993,26
1887,DOVER,51.1278758,1.31340270000004,23
1887,RUNCORN,53.3420780000001,-2.72967299999999,23
1887,COWES,50.7627850000001,-1.30053299999997,22
1887,Milford Haven,51.7143060000001,-5.04269709999988,22
1887,Berwick-upon-Tweed,55.7702420000001,-2.00539499999996,21
1887,Lerwick,60.155,-1.145,20
1887,Cliffe,51.4619,0.4975,15
1887,CLIFFE,51.4619,0.4975,11
1887,Silvertown,51.5,0.03,10
1887,Purfleet,51.48,0.25,8
1887,Goole,53.7029410000001,-0.876380999999981,7
1887,WIGTOWN,54.8676447222298,-4.44449749206541,5
1887,Queenborough,51.416139674537,0.742809298858174,4
1887,Middlesbrough,54.5742270000001,-1.23495600000001,1
1887,SCILLY,49.9277261,-6.32749660000002,1
1887,Skibbereen,51.5486,-9.2636,1
1888,LIVERPOOL,53.4083714,-2.99157259999998,45
1888,Stockton-on-Tees,54.5704551000001,-1.32898209999991,40
1888,BRISTOL,51.4545130000001,-2.58790999999997,24
1888,Tyne Ports,55.0179189721861,-1.42556335449211,17
1888,Tilbury Docks,51.454605122463,0.346938878173947,16
1888,Borrowstounness (Bo'Ness),56.0191848626102,-3.60281840209956,15
1888,LONDON,51.5073509000001,-0.127758299999982,11
1888,DUNDEE,56.4612028818325,-2.96765932817017,9
1888,NEWPORT,51.584151,-2.99766399999993,7
1888,SWANSEA,51.62144,-3.94364599999994,6
1888,CARDIFF,51.4815810000001,-3.17908999999992,5
1888,London,51.5073509000001,-0.127758299999982,5
1888,SUNDERLAND,54.9068690000001,-1.38380099999989,5
1888,NEWRY,54.1483756060001,-6.32235385399997,3
1888,ROCHESTER,51.3880000000001,0.506721000000084,3
1888,TILBURY DOCKS,51.454605122463,0.346938878173947,3
1888,GLOUCESTER,51.8642449,-2.23815599999989,2
1888,HULL,53.7456708999999,-0.336741299999971,2
1888,INVERNESS,57.4827277738256,-4.22737025390621,2
1888,ALLOA,56.1163031824617,-3.79518671321335,1
1888,BELFAST,54.613523371,-5.90696169099994,1
1888,GLASGOW,55.8582389117887,-4.24254728271348,1
1888,GRANGEMOUTH,56.0086943296901,-3.71710520629876,1
1888,GRIMSBY,53.5674710000001,-0.0807839999998805,1
1888,Hartlepool,54.6917449999999,-1.21292600000004,1
1888,IPSWICH,52.056736,1.14822000000004,1
1888,LANCASTER,54.046575,-2.8007399,1
1888,LimerickL,52.660797938,-8.63965508699994,1
1888,SURREY COMMERCIAL DOCKS,51.4970097932452,-0.0483259357263694,1
1888,WHITEHAVEN,54.5496990000001,-3.58923300000004,1
1889,GRIMSBY,53.5674710000001,-0.0807839999998805,1765
1889,LIVERPOOL,53.4083714,-2.99157259999998,1448
1889,LONDON,51.5073509000001,-0.127758299999982,1234
1889,DUNDEE,56.4612028818325,-2.96765932817017,1027
1889,Tyne Ports,55.0179189721861,-1.42556335449211,1012
1889,NEWPORT,51.584151,-2.99766399999993,957
1889,BRISTOL,51.4545130000001,-2.58790999999997,846
1889,Borrowstounness (Bo'Ness),56.0191848626102,-3.60281840209956,614
1889,POOLE,50.7150500000001,-1.98724800000002,492
1889,GREENOCK,55.9505077629267,-4.75971798437838,314
1889,Stockton-on-Tees,54.5704551000001,-1.32898209999991,247
1889,FLEETWOOD,53.9154477593217,-3.01331410565124,246
1889,Tilbury Docks,51.454605122463,0.346938878173947,211
1889,INVERNESS,57.4827277738256,-4.22737025390621,190
1889,Lynn (King's Lynn),52.7516798,0.402296300000103,187
1889,MONTROSE,56.7213304436428,-2.46576667724605,148
1889,WICK,58.4430600485415,-3.09285166137693,137
1889,Deptford,51.478,-0.0265,123
1889,FOWEY,50.3349900000001,-4.63652499999995,122
1889,DUBLIN,53.346388727,-6.21662037199997,120
1889,GOOLE,53.7029410000001,-0.876380999999981,88
1889,SLIGO,54.277488562,-8.48034919799994,81
1889,LEITH,55.9765554947196,-3.16607291534422,66
1889,London,51.5073509000001,-0.127758299999982,63
1889,CORK,51.9014959520001,-8.44685895399994,60
1889,NEWRY,54.1483756060001,-6.32235385399997,58
1889,SUNDERLAND,54.9068690000001,-1.38380099999989,53
1889,TILBURY DOCKS,51.454605122463,0.346938878173947,52
1889,TROON,55.5444127055824,-4.67361271972649,51
1889,CARDIFF,51.4815810000001,-3.17908999999992,50
1889,LimerickL,52.660797938,-8.63965508699994,50
1889,BELFAST,54.613523371,-5.90696169099994,45
1889,LONDONDERRY,55.0114105220001,-7.30041944099997,45
1889,Cliffe,51.4619,0.4975,44
1889,Hartlepool,54.6917449999999,-1.21292600000004,44
1889,SWANSEA,51.62144,-3.94364599999994,42
1889,HULL,53.7456708999999,-0.336741299999971,41
1889,Berwick-upon-Tweed,55.7702420000001,-2.00539499999996,38
1889,GLASGOW,55.8582389117887,-4.24254728271348,38
1889,GRANGEMOUTH,56.0086943296901,-3.71710520629876,38
1889,ALLOA,56.1163031824617,-3.79518671321335,37
1889,DOVER,51.1278758,1.31340270000004,35
1889,SURREY COMMERCIAL DOCKS,51.4970097932452,-0.0483259357263694,34
1889,Purfleet,51.48,0.25,32
1889,Silvertown,51.5,0.03,31
1889,EXETER,50.7184120000001,-3.53389899999991,30
1889,TRURO,50.2631950000001,-5.05104099999994,30
1889,YARMOUTH,50.7066653578368,-1.50013614288336,28
1889,KIRKCALDY,56.109236880424,-3.16149504760739,27
1889,Granton Harbour,55.9840543311144,-3.22823169311514,24
1889,WEXFORD,52.3386830540001,-6.45647567999993,24
1889,GLOUCESTER,51.8642449,-2.23815599999989,23
1889,SOUTHAMPTON,50.9097004,-1.40435090000005,19
1889,MIDDLESBROUGH,54.5742270000001,-1.23495600000001,17
1889,PORTSMOUTH,50.8197675000001,-1.0879769,17
1889,COWES,50.7627850000001,-1.30053299999997,16
1889,ROCHESTER,51.3880000000001,0.506721000000084,16
1889,PLYMOUTH,50.3754565,-4.14265649999993,15
1889,PETERHEAD,57.5065199884148,-1.79653335449211,14
1889,ABERDEEN,57.1453346208669,-2.10306332275388,13
1889,WISBECH,52.666317,0.158797000000163,13
1889,LOWESTOFT,52.481138,1.75344900000016,10
1889,COLCHESTER,51.895927,0.891874000000087,9
1889,GRAVESEND,51.4429173588847,0.381957799072553,9
1889,Milford Haven,51.7143060000001,-5.04269709999988,9
1889,BRIDGWATER,51.1326558933295,-3.00590651324461,8
1889,ARDROSSAN,55.6481390173549,-4.80960840777251,7
1889,CHESTER,53.1933920000001,-2.8930749999999,7
1889,AYR,55.4703747229195,-4.63760140747054,6
1889,BLYTH,55.1354889326177,-1.52226629597336,6
1889,HARWICH,51.9347310000001,1.26029700000004,6
1889,Llanelli,51.680886,-4.16024800000002,6
1889,WHITEHAVEN,54.5496990000001,-3.58923300000004,6
1889,WORKINGTON,54.643569,-3.54275200000001,6
1889,Barrow-in-Furness,54.1089670000001,-3.21889399999998,5
1889,Shoreham-by-Sea,50.8342086000001,-0.271555799999987,5
1889,WIGTOWN,54.8676447222298,-4.44449749206541,5
1889,LANCASTER,54.046575,-2.8007399,4
1889,Lerwick,60.155,-1.145,4
1889,NEWHAVEN,50.79307,0.0455740000000446,4
1889,WHITBY,54.4863350000001,-0.613346999999919,4
1889,DOUGLAS,54.1474883509337,-4.47930775924688,3
1889,FAVERSHAM,51.3174325831495,0.888274418029924,3
1889,LITTLEHAMPTON,50.811057,-0.538660899999968,3
1889,PERTH,56.3958320136505,-3.43183501586907,3
1889,QUEENBOROUGH,51.416139674537,0.742809298858174,3
1889,RUNCORN,53.3420780000001,-2.72967299999999,3
1889,SCARBOROUGH,54.283113,-0.399751999999978,3
1889,WEYMOUTH,50.6144279,-2.45762099999996,3
1889,ARBROATH,56.5628888704369,-2.59099889825813,2
1889,BARNSTAPLE,51.0784564808267,-4.06095583599865,2
1889,BEAUMARIS,53.2658650000001,-4.09199000000001,2
1889,FALMOUTH,50.152571,-5.06627000000003,2
1889,FOLKESTONE,51.081397,1.16945599999991,2
1889,IPSWICH,52.056736,1.14822000000004,2
1889,MARYPORT,54.714441,-3.49494000000004,2
1889,PADSTOW,50.5420619999999,-4.93901699999998,2
1889,PENZANCE,50.118798,-5.53759199999996,2
1889,RAMSGATE,51.3355450000001,1.41989499999994,2
1889,STORNOWAY,58.2093906476432,-6.38865166137691,2
1889,STRANRAER,54.9057043138819,-5.01757162963861,2
1889,TEIGNMOUTH,50.5470330000001,-3.49668799999984,2
1889,IRVINE,55.618333779517,-4.65659498413083,1
1889,Kirkcaldy,56.109236880424,-3.16149504760739,1
1889,Liverpool,53.4083714,-2.99157259999998,1
1889,SHEERNESS,51.4387900442348,0.764917492065478,1
1889,STIRLING,56.1173485571869,-3.93919047158875,1
1889,Skibbereen,51.5486,-9.2636,1
1890,GRIMSBY,53.5674710000001,-0.0807839999998805,49
1890,LIVERPOOL,53.4083714,-2.99157259999998,38
1890,GREENOCK,55.9505077629267,-4.75971798437838,37
1890,NEWPORT,51.584151,-2.99766399999993,36
1890,Newport,51.584151,-2.99766399999993,32
1890,Tyne Ports,55.0179189721861,-1.42556335449211,30
1890,LONDON,51.5073509000001,-0.127758299999982,28
1890,Tilbury Docks,51.454605122463,0.346938878173947,24
1890,Borrowstounness (Bo'Ness),56.0191848626102,-3.60281840209956,21
1890,LONDONDERRY,55.0114105220001,-7.30041944099997,14
1890,DUNDEE,56.4612028818325,-2.96765932817017,9
1890,FLEETWOOD,53.9154477593217,-3.01331410565124,7
1890,CARDIFF,51.4815810000001,-3.17908999999992,6
1890,TILBURY DOCKS,51.454605122463,0.346938878173947,6
1890,ALLOA,56.1163031824617,-3.79518671321335,5
1890,Berwick-upon-Tweed,55.7702420000001,-2.00539499999996,5
1890,BRISTOL,51.4545130000001,-2.58790999999997,4
1890,CORK,51.9014959520001,-8.44685895399994,4
1890,GOOLE,53.7029410000001,-0.876380999999981,3
1890,Lynn (King's Lynn),52.7516798,0.402296300000103,3
1890,CHESTER,53.1933920000001,-2.8930749999999,2
1890,DOVER,51.1278758,1.31340270000004,2
1890,DUBLIN,53.346388727,-6.21662037199997,2
1890,EXETER,50.7184120000001,-3.53389899999991,2
1890,GLASGOW,55.8582389117887,-4.24254728271348,2
1890,LimerickL,52.660797938,-8.63965508699994,2
1890,MONTROSE,56.7213304436428,-2.46576667724605,2
1890,GRANGEMOUTH,56.0086943296901,-3.71710520629876,1
1890,Hartlepool,54.6917449999999,-1.21292600000004,1
1890,LEITH,55.9765554947196,-3.16607291534422,1
1890,London,51.5073509000001,-0.127758299999982,1
1890,Milford Haven,51.7143060000001,-5.04269709999988,1
1890,PETERHEAD,57.5065199884148,-1.79653335449211,1
1891,LIVERPOOL,53.4083714,-2.99157259999998,1684
1891,GRIMSBY,53.5674710000001,-0.0807839999998805,1428
1891,LONDON,51.5073509000001,-0.127758299999982,1179
1891,BRISTOL,51.4545130000001,-2.58790999999997,826
1891,Tyne Ports,55.0179189721861,-1.42556335449211,712
1891,DUNDEE,56.4612028818325,-2.96765932817017,695
1891,Tilbury Docks,51.454605122463,0.346938878173947,630
1891,NEWPORT,51.584151,-2.99766399999993,575
1891,Borrowstounness (Bo'Ness),56.0191848626102,-3.60281840209956,534
1891,POOLE,50.7150500000001,-1.98724800000002,454
1891,GOOLE,53.7029410000001,-0.876380999999981,414
1891,GREENOCK,55.9505077629267,-4.75971798437838,339
1891,Lynn (King's Lynn),52.7516798,0.402296300000103,175
1891,FLEETWOOD,53.9154477593217,-3.01331410565124,155
1891,MONTROSE,56.7213304436428,-2.46576667724605,144
1891,INVERNESS,57.4827277738256,-4.22737025390621,127
1891,Stockton-on-Tees,54.5704551000001,-1.32898209999991,95
1891,RUNCORN,53.3420780000001,-2.72967299999999,86
1891,DUBLIN,53.346388727,-6.21662037199997,85
1891,CORK,51.9014959520001,-8.44685895399994,65
1891,FOWEY,50.3349900000001,-4.63652499999995,64
1891,TILBURY DOCKS,51.454605122463,0.346938878173947,60
1891,WICK,58.4430600485415,-3.09285166137693,59
1891,Surrey Commercial Docks,51.4970097932452,-0.0483259357263694,44
1891,London,51.5073509000001,-0.127758299999982,39
1891,Berwick-upon-Tweed,55.7702420000001,-2.00539499999996,37
1891,CARDIFF,51.4815810000001,-3.17908999999992,35
1891,EXETER,50.7184120000001,-3.53389899999991,34
1891,STIRLING,56.1173485571869,-3.93919047158875,30
1891,DOVER,51.1278758,1.31340270000004,29
1891,ALLOA,56.1163031824617,-3.79518671321335,27
1891,Hartlepool,54.6917449999999,-1.21292600000004,27
1891,LimerickL,52.660797938,-8.63965508699994,27
1891,HULL,53.7456708999999,-0.336741299999971,25
1891,NEWRY,54.1483756060001,-6.32235385399997,24
1891,Middlesbrough,54.5742270000001,-1.23495600000001,23
1891,ABERDEEN,57.1453346208669,-2.10306332275388,22
1891,Milford Haven,51.7143060000001,-5.04269709999988,22
1891,SUNDERLAND,54.9068690000001,-1.38380099999989,21
1891,BELFAST,54.613523371,-5.90696169099994,19
1891,LEITH,55.9765554947196,-3.16607291534422,19
1891,LONDONDERRY,55.0114105220001,-7.30041944099997,19
1891,TROON,55.5444127055824,-4.67361271972649,19
1891,TRURO,50.2631950000001,-5.05104099999994,18
1891,MIDDLESBROUGH,54.5742270000001,-1.23495600000001,17
1891,WEXFORD,52.3386830540001,-6.45647567999993,16
1891,GLOUCESTER,51.8642449,-2.23815599999989,15
1891,COWES,50.7627850000001,-1.30053299999997,14
1891,NEWHAVEN,50.79307,0.0455740000000446,14
1891,KIRKCALDY,56.109236880424,-3.16149504760739,13
1891,GRANGEMOUTH,56.0086943296901,-3.71710520629876,12
1891,Granton Harbour,55.9840543311144,-3.22823169311514,12
1891,SURREY COMMERCIAL DOCKS,51.4970097932452,-0.0483259357263694,12
1891,SWANSEA,51.62144,-3.94364599999994,12
1891,Llanelli,51.680886,-4.16024800000002,11
1891,SLIGO,54.277488562,-8.48034919799994,10
1891,SOUTHAMPTON,50.9097004,-1.40435090000005,10
1891,WISBECH,52.666317,0.158797000000163,9
1891,AYR,55.4703747229195,-4.63760140747054,8
1891,YARMOUTH,50.7066653578368,-1.50013614288336,8
1891,PLYMOUTH,50.3754565,-4.14265649999993,7
1891,BRISTOL (TILBURY DOCK),51.4545130000001,-2.58790999999997,6
1891,ARDROSSAN,55.6481390173549,-4.80960840777251,5
1891,AVONMOUTH DOCK,51.501958264588,-2.70636874389645,5
1891,BLYTH,55.1354889326177,-1.52226629597336,5
1891,Barrow-in-Furness,54.1089670000001,-3.21889399999998,5
1891,GLASGOW,55.8582389117887,-4.24254728271348,5
1891,Lerwick,60.155,-1.145,5
1891,PERTH,56.3958320136505,-3.43183501586907,5
1891,PETERHEAD,57.5065199884148,-1.79653335449211,5
1891,BRIDGWATER,51.1326558933295,-3.00590651324461,4
1891,CHESTER,53.1933920000001,-2.8930749999999,4
1891,FAVERSHAM,51.3174325831495,0.888274418029924,4
1891,LITTLEHAMPTON,50.811057,-0.538660899999968,4
1891,LOWESTOFT,52.481138,1.75344900000016,4
1891,PORTSMOUTH,50.8197675000001,-1.0879769,4
1891,RAMSGATE,51.3355450000001,1.41989499999994,4
1891,WIGTOWN,54.8676447222298,-4.44449749206541,4
1891,WISBEACH,52.222770887595,0.2564362275237,4
1891,Aberystwyth,52.415303,-4.08292000000006,3
1891,DOUGLAS,54.1474883509337,-4.47930775924688,3
1891,GALWAY,53.269014434,-9.04777257699993,3
1891,LANCASTER,54.046575,-2.8007399,3
1891,ROCHESTER,51.3880000000001,0.506721000000084,3
1891,WEYMOUTH,50.6144279,-2.45762099999996,3
1891,WHITEHAVEN,54.5496990000001,-3.58923300000004,3
1891,BEAUMARIS,53.2658650000001,-4.09199000000001,2
1891,COLCHESTER,51.895927,0.891874000000087,2
1891,FOLKESTONE,51.081397,1.16945599999991,2
1891,PENZANCE,50.118798,-5.53759199999996,2
1891,SCARBOROUGH,54.283113,-0.399751999999978,2
1891,Shoreham-by-Sea,50.8342086000001,-0.271555799999987,2
1891,TEIGNMOUTH,50.5470330000001,-3.49668799999984,2
1891,ABERDOVEY,52.5441056124551,-4.04408999999999,1
1891,ARBROATH,56.5628888704369,-2.59099889825813,1
1891,BARNSTAPLE,51.0784564808267,-4.06095583599865,1
1891,DARTMOUTH,50.352517,-3.57880699999998,1
1891,FALMOUTH,50.152571,-5.06627000000003,1
1891,HARWICH,51.9347310000001,1.26029700000004,1
1891,STORNOWAY,58.2093906476432,-6.38865166137691,1
1891,Skibbereen,51.5486,-9.2636,1
1892,LIVERPOOL,53.4083714,-2.99157259999998,99
1892,GRIMSBY,53.5674710000001,-0.0807839999998805,87
1892,Tilbury Docks,51.454605122463,0.346938878173947,67
1892,BRISTOL,51.4545130000001,-2.58790999999997,62
1892,LONDON,51.5073509000001,-0.127758299999982,45
1892,DUNDEE,56.4612028818325,-2.96765932817017,44
1892,Tyne Ports,55.0179189721861,-1.42556335449211,44
1892,NEWPORT,51.584151,-2.99766399999993,32
1892,GREENOCK,55.9505077629267,-4.75971798437838,14
1892,FLEETWOOD,53.9154477593217,-3.01331410565124,9
1892,PETERHEAD,57.5065199884148,-1.79653335449211,9
1892,ALLOA,56.1163031824617,-3.79518671321335,7
1892,GOOLE,53.7029410000001,-0.876380999999981,6
1892,CARDIFF,51.4815810000001,-3.17908999999992,4
1892,GLASGOW,55.8582389117887,-4.24254728271348,4
1892,STIRLING,56.1173485571869,-3.93919047158875,4
1892,Borrowstounness (Bo'Ness),56.0191848626102,-3.60281840209956,3
1892,Hartlepool,54.6917449999999,-1.21292600000004,3
1892,SUNDERLAND,54.9068690000001,-1.38380099999989,3
1892,Berwick-upon-Tweed,55.7702420000001,-2.00539499999996,2
1892,LONDONDERRY,55.0114105220001,-7.30041944099997,2
1892,LimerickL,52.660797938,-8.63965508699994,2
1892,SWANSEA,51.62144,-3.94364599999994,2
1892,ABERDEEN,57.1453346208669,-2.10306332275388,1
1892,ARBROATH,56.5628888704369,-2.59099889825813,1
1892,AYR,55.4703747229195,-4.63760140747054,1
1892,BARNSTAPLE,51.0784564808267,-4.06095583599865,1
1892,BELFAST,54.613523371,-5.90696169099994,1
1892,DOUGLAS,54.1474883509337,-4.47930775924688,1
1892,DOVER,51.1278758,1.31340270000004,1
1892,GLOUCESTER,51.8642449,-2.23815599999989,1
1892,GRANGEMOUTH,56.0086943296901,-3.71710520629876,1
1892,Granton Harbour,55.9840543311144,-3.22823169311514,1
1892,HULL,53.7456708999999,-0.336741299999971,1
1892,LEITH,55.9765554947196,-3.16607291534422,1
1892,LOWESTOFT,52.481138,1.75344900000016,1
1892,Llanelli,51.680886,-4.16024800000002,1
1892,London,51.5073509000001,-0.127758299999982,1
1892,MIDDLESBROUGH,54.5742270000001,-1.23495600000001,1
1892,NEWRY,54.1483756060001,-6.32235385399997,1
1892,PLYMOUTH,50.3754565,-4.14265649999993,1
1892,RAMSGATE,51.3355450000001,1.41989499999994,1
1892,SOUTHAMPTON,50.9097004,-1.40435090000005,1
1892,SURREY COMMERCIAL DOCKS,51.4970097932452,-0.0483259357263694,1
1892,Shoreham-by-Sea,50.8342086000001,-0.271555799999987,1
1892,YARMOUTH,50.7066653578368,-1.50013614288336,1
1893,GRIMSBY,53.5674710000001,-0.0807839999998805,1144
1893,LIVERPOOL,53.4083714,-2.99157259999998,1127
1893,Tyne Ports,55.0179189721861,-1.42556335449211,881
1893,BRISTOL,51.4545130000001,-2.58790999999997,741
1893,LONDON,51.5073509000001,-0.127758299999982,713
1893,POOLE,50.7150500000001,-1.98724800000002,510
1893,DUNDEE,56.4612028818325,-2.96765932817017,485
1893,Tilbury Docks,51.454605122463,0.346938878173947,428
1893,NEWPORT,51.584151,-2.99766399999993,425
1893,GREENOCK,55.9505077629267,-4.75971798437838,358
1893,Liverpool,53.4083714,-2.99157259999998,197
1893,Borrowstounness (Bo'Ness),56.0191848626102,-3.60281840209956,185
1893,London,51.5073509000001,-0.127758299999982,185
1893,INVERNESS,57.4827277738256,-4.22737025390621,177
1893,Berwick-upon-Tweed,55.7702420000001,-2.00539499999996,155
1893,FLEETWOOD,53.9154477593217,-3.01331410565124,137
1893,Stockton-on-Tees,54.5704551000001,-1.32898209999991,135
1893,Lynn (King's Lynn),52.7516798,0.402296300000103,134
1893,FOWEY,50.3349900000001,-4.63652499999995,100
1893,TILBURY DOCKS,51.454605122463,0.346938878173947,99
1893,DUBLIN,53.346388727,-6.21662037199997,88
1893,MONTROSE,56.7213304436428,-2.46576667724605,87
1893,GOOLE,53.7029410000001,-0.876380999999981,79
1893,WICK,58.4430600485415,-3.09285166137693,67
1893,CARDIFF,51.4815810000001,-3.17908999999992,54
1893,Grimsby,53.5674710000001,-0.0807839999998805,54
1893,NEWRY,54.1483756060001,-6.32235385399997,49
1893,Milford Haven,51.7143060000001,-5.04269709999988,48
1893,EXETER,50.7184120000001,-3.53389899999991,47
1893,TROON,55.5444127055824,-4.67361271972649,47
1893,CORK,51.9014959520001,-8.44685895399994,43
1893,IRVINE,55.618333779517,-4.65659498413083,39
1893,SWANSEA,51.62144,-3.94364599999994,35
1893,Hartlepool,54.6917449999999,-1.21292600000004,30
1893,Surrey Commercial Docks,51.4970097932452,-0.0483259357263694,30
1893,SOUTHAMPTON,50.9097004,-1.40435090000005,28
1893,DOVER,51.1278758,1.31340270000004,26
1893,SUNDERLAND,54.9068690000001,-1.38380099999989,26
1893,Lerwick,60.155,-1.145,25
1893,LimerickL,52.660797938,-8.63965508699994,25
1893,SURREY COMMERCIAL DOCKS,51.4970097932452,-0.0483259357263694,20
1893,BELFAST,54.613523371,-5.90696169099994,19
1893,WEXFORD,52.3386830540001,-6.45647567999993,19
1893,GLOUCESTER,51.8642449,-2.23815599999989,15
1893,LONDONDERRY,55.0114105220001,-7.30041944099997,14
1893,ALLOA,56.1163031824617,-3.79518671321335,13
1893,GLASGOW,55.8582389117887,-4.24254728271348,13
1893,GRANGEMOUTH,56.0086943296901,-3.71710520629876,12
1893,STIRLING,56.1173485571869,-3.93919047158875,12
1893,YARMOUTH,50.7066653578368,-1.50013614288336,12
1893,Newport,51.584151,-2.99766399999993,10
1893,SLIGO,54.277488562,-8.48034919799994,10
1893,BLYTH,55.1354889326177,-1.52226629597336,9
1893,Barrow-in-Furness,54.1089670000001,-3.21889399999998,9
1893,HULL,53.7456708999999,-0.336741299999971,9
1893,LEITH,55.9765554947196,-3.16607291534422,9
1893,MIDDLESBROUGH,54.5742270000001,-1.23495600000001,9
1893,PLYMOUTH,50.3754565,-4.14265649999993,9
1893,Llanelli,51.680886,-4.16024800000002,8
1893,Poole,50.7150500000001,-1.98724800000002,8
1893,COWES,50.7627850000001,-1.30053299999997,7
1893,Goole,53.7029410000001,-0.876380999999981,7
1893,ROCHESTER,51.3880000000001,0.506721000000084,7
1893,WISBECH,52.666317,0.158797000000163,7
1893,BRIDGWATER,51.1326558933295,-3.00590651324461,6
1893,COLCHESTER,51.895927,0.891874000000087,6
1893,TRURO,50.2631950000001,-5.05104099999994,6
1893,ARBROATH,56.5628888704369,-2.59099889825813,5
1893,CHESTER,53.1933920000001,-2.8930749999999,5
1893,FOLKESTONE,51.081397,1.16945599999991,5
1893,Granton Harbour,55.9840543311144,-3.22823169311514,5
1893,LOWESTOFT,52.481138,1.75344900000016,5
1893,SCARBOROUGH,54.283113,-0.399751999999978,5
1893,ABERDEEN,57.1453346208669,-2.10306332275388,4
1893,AVONMOUTH DOCK,51.501958264588,-2.70636874389645,4
1893,FAVERSHAM,51.3174325831495,0.888274418029924,4
1893,GALWAY,53.269014434,-9.04777257699993,4
1893,PORTSMOUTH,50.8197675000001,-1.0879769,4
1893,BRISTOL (TOWN DOCKS),51.4545130000001,-2.58790999999997,3
1893,NEWHAVEN,50.79307,0.0455740000000446,3
1893,PENZANCE,50.118798,-5.53759199999996,3
1893,PRESTON,53.763201,-2.70308999999992,3
1893,RAMSGATE,51.3355450000001,1.41989499999994,3
1893,Shoreham-by-Sea,50.8342086000001,-0.271555799999987,3
1893,Skibbereen,51.5486,-9.2636,3
1893,WIGTOWN,54.8676447222298,-4.44449749206541,3
1893,BEAUMARIS,53.2658650000001,-4.09199000000001,2
1893,BRIDPORT,50.7335769,-2.7583009999999,2
1893,KIRKCALDY,56.109236880424,-3.16149504760739,2
1893,PERTH,56.3958320136505,-3.43183501586907,2
1893,PETERHEAD,57.5065199884148,-1.79653335449211,2
1893,WEYMOUTH,50.6144279,-2.45762099999996,2
1893,WHITEHAVEN,54.5496990000001,-3.58923300000004,2
1893,ARDROSSAN,55.6481390173549,-4.80960840777251,1
1893,AYR,55.4703747229195,-4.63760140747054,1
1893,Aberystwyth,52.415303,-4.08292000000006,1
1893,DARTMOUTH,50.352517,-3.57880699999998,1
1893,DOUGLAS,54.1474883509337,-4.47930775924688,1
1893,FALMOUTH,50.152571,-5.06627000000003,1
1893,HARWICH,51.9347310000001,1.26029700000004,1
1893,IPSWICH,52.056736,1.14822000000004,1
1893,LANCASTER,54.046575,-2.8007399,1
1893,LITTLEHAMPTON,50.811057,-0.538660899999968,1
1893,Middlesbrough,54.5742270000001,-1.23495600000001,1
1893,QUEENBOROUGH,51.416139674537,0.742809298858174,1
1893,TEIGNMOUTH,50.5470330000001,-3.49668799999984,1
1895,GRIMSBY,53.5674710000001,-0.0807839999998805,1433
1895,LONDON,51.5073509000001,-0.127758299999982,1221
1895,LIVERPOOL,53.4083714,-2.99157259999998,940
1895,Tyne Ports,55.0179189721861,-1.42556335449211,744
1895,NEWPORT,51.584151,-2.99766399999993,727
1895,BRISTOL,51.4545130000001,-2.58790999999997,683
1895,POOLE,50.7150500000001,-1.98724800000002,490
1895,DUNDEE,56.4612028818325,-2.96765932817017,482
1895,Liverpool,53.4083714,-2.99157259999998,339
1895,Borrowstounness (Bo'Ness),56.0191848626102,-3.60281840209956,269
1895,GREENOCK,55.9505077629267,-4.75971798437838,248
1895,Grimsby,53.5674710000001,-0.0807839999998805,243
1895,Lynn (King's Lynn),52.7516798,0.402296300000103,173
1895,INVERNESS,57.4827277738256,-4.22737025390621,167
1895,London,51.5073509000001,-0.127758299999982,154
1895,Stockton-on-Tees,54.5704551000001,-1.32898209999991,142
1895,FLEETWOOD,53.9154477593217,-3.01331410565124,136
1895,GOOLE,53.7029410000001,-0.876380999999981,103
1895,WICK,58.4430600485415,-3.09285166137693,84
1895,DUBLIN,53.346388727,-6.21662037199997,83
1895,FOWEY,50.3349900000001,-4.63652499999995,78
1895,Tilbury Docks,51.454605122463,0.346938878173947,77
1895,Berwick-upon-Tweed,55.7702420000001,-2.00539499999996,65
1895,Runcorn,53.3420780000001,-2.72967299999999,64
1895,CORK,51.9014959520001,-8.44685895399994,59
1895,LimerickL,52.660797938,-8.63965508699994,58
1895,IRVINE,55.618333779517,-4.65659498413083,51
1895,LONDONDERRY,55.0114105220001,-7.30041944099997,49
1895,MONTROSE,56.7213304436428,-2.46576667724605,47
1895,Surrey Commercial Docks,51.4970097932452,-0.0483259357263694,43
1895,CARDIFF,51.4815810000001,-3.17908999999992,36
1895,Lerwick,60.155,-1.145,35
1895,NEWRY,54.1483756060001,-6.32235385399997,35
1895,EXETER,50.7184120000001,-3.53389899999991,34
1895,DOVER,51.1278758,1.31340270000004,32
1895,Hartlepool,54.6917449999999,-1.21292600000004,32
1895,Milford Haven,51.7143060000001,-5.04269709999988,29
1895,TILBURY DOCKS,51.454605122463,0.346938878173947,29
1895,TROON,55.5444127055824,-4.67361271972649,27
1895,STIRLING,56.1173485571869,-3.93919047158875,26
1895,TRURO,50.2631950000001,-5.05104099999994,22
1895,RUNCORN,53.3420780000001,-2.72967299999999,21
1895,LEITH,55.9765554947196,-3.16607291534422,18
1895,COWES,50.7627850000001,-1.30053299999997,17
1895,GLASGOW,55.8582389117887,-4.24254728271348,16
1895,WIGTOWN,54.8676447222298,-4.44449749206541,15
1895,AVONMOUTH DOCK,51.501958264588,-2.70636874389645,13
1895,ALLOA,56.1163031824617,-3.79518671321335,12
1895,SOUTHAMPTON,50.9097004,-1.40435090000005,12
1895,SURREY COMMERCIAL DOCKS,51.4970097932452,-0.0483259357263694,12
1895,GRANGEMOUTH,56.0086943296901,-3.71710520629876,11
1895,SLIGO,54.277488562,-8.48034919799994,11
1895,BELFAST,54.613523371,-5.90696169099994,10
1895,SWANSEA,51.62144,-3.94364599999994,10
1895,BLYTH,55.1354889326177,-1.52226629597336,9
1895,MIDDLESBROUGH,54.5742270000001,-1.23495600000001,9
1895,BRIDGWATER,51.1326558933295,-3.00590651324461,8
1895,FAVERSHAM,51.3174325831495,0.888274418029924,8
1895,Llanelli,51.680886,-4.16024800000002,8
1895,SUNDERLAND,54.9068690000001,-1.38380099999989,8
1895,ABERDEEN,57.1453346208669,-2.10306332275388,7
1895,Barrow-in-Furness,54.1089670000001,-3.21889399999998,7
1895,GLOUCESTER,51.8642449,-2.23815599999989,7
1895,Goole,53.7029410000001,-0.876380999999981,7
1895,YARMOUTH,50.7066653578368,-1.50013614288336,7
1895,HARTLEPOOL,54.6917449999999,-1.21292600000004,6
1895,IPSWICH,52.056736,1.14822000000004,5
1895,Shoreham-by-Sea,50.8342086000001,-0.271555799999987,5
1895,WISBECH,52.666317,0.158797000000163,5
1895,AYR,55.4703747229195,-4.63760140747054,4
1895,COLCHESTER,51.895927,0.891874000000087,4
1895,NEWHAVEN,50.79307,0.0455740000000446,4
1895,PETERHEAD,57.5065199884148,-1.79653335449211,4
1895,PORTSMOUTH,50.8197675000001,-1.0879769,4
1895,Skibbereen,51.5486,-9.2636,4
1895,BRIDPORT,50.7335769,-2.7583009999999,3
1895,HULL,53.7456708999999,-0.336741299999971,3
1895,Middlesbrough,54.5742270000001,-1.23495600000001,3
1895,PLYMOUTH,50.3754565,-4.14265649999993,3
1895,WEXFORD,52.3386830540001,-6.45647567999993,3
1895,BRISTOL (WEST),51.4545130000001,-2.58790999999997,2
1895,CHESTER,53.1933920000001,-2.8930749999999,2
1895,FALMOUTH,50.152571,-5.06627000000003,2
1895,FOLKESTONE,51.081397,1.16945599999991,2
1895,LOWESTOFT,52.481138,1.75344900000016,2
1895,PENZANCE,50.118798,-5.53759199999996,2
1895,ROCHESTER,51.3880000000001,0.506721000000084,2
1895,SCARBOROUGH,54.283113,-0.399751999999978,2
1895,WEYMOUTH,50.6144279,-2.45762099999996,2
1895,WHITEHAVEN,54.5496990000001,-3.58923300000004,2
1895,ARBROATH,56.5628888704369,-2.59099889825813,1
1895,ARDROSSAN,55.6481390173549,-4.80960840777251,1
1895,Aberystwyth,52.415303,-4.08292000000006,1
1895,BEAUMARIS,53.2658650000001,-4.09199000000001,1
1895,GALWAY,53.269014434,-9.04777257699993,1
1895,Granton Harbour,55.9840543311144,-3.22823169311514,1
1895,KIRKCALDY,56.109236880424,-3.16149504760739,1
1895,LITTLEHAMPTON,50.811057,-0.538660899999968,1
1895,MARYPORT,54.714441,-3.49494000000004,1
1895,PRESTON,53.763201,-2.70308999999992,1
1895,RAMSGATE,51.3355450000001,1.41989499999994,1
1895,STORNOWAY,58.2093906476432,-6.38865166137691,1
1895,STRANRAER,54.9057043138819,-5.01757162963861,1
1896,LONDON,51.5073509000001,-0.127758299999982,43
1896,BRISTOL,51.4545130000001,-2.58790999999997,42
1896,LIVERPOOL,53.4083714,-2.99157259999998,28
1896,NEWPORT,51.584151,-2.99766399999993,28
1896,Tyne Ports,55.0179189721861,-1.42556335449211,28
1896,GRIMSBY,53.5674710000001,-0.0807839999998805,27
1896,Borrowstounness (Bo'Ness),56.0191848626102,-3.60281840209956,18
1896,Tilbury Docks,51.454605122463,0.346938878173947,13
1896,Liverpool,53.4083714,-2.99157259999998,8
1896,Grimsby,53.5674710000001,-0.0807839999998805,7
1896,IRVINE,55.618333779517,-4.65659498413083,7
1896,DUNDEE,56.4612028818325,-2.96765932817017,6
1896,WICK,58.4430600485415,-3.09285166137693,6
1896,GREENOCK,55.9505077629267,-4.75971798437838,5
1896,Lerwick,60.155,-1.145,4
1896,CORK,51.9014959520001,-8.44685895399994,2
1896,GOOLE,53.7029410000001,-0.876380999999981,1
1896,LimerickL,52.660797938,-8.63965508699994,1
1897,GRIMSBY,53.5674710000001,-0.0807839999998805,1391
1897,LONDON,51.5073509000001,-0.127758299999982,1306
1897,LIVERPOOL,53.4083714,-2.99157259999998,1191
1897,BRISTOL,51.4545130000001,-2.58790999999997,896
1897,DUNDEE,56.4612028818325,-2.96765932817017,643
1897,Liverpool,53.4083714,-2.99157259999998,574
1897,Tyne Ports,55.0179189721861,-1.42556335449211,560
1897,GREENOCK,55.9505077629267,-4.75971798437838,469
1897,NEWPORT,51.584151,-2.99766399999993,457
1897,POOLE,50.7150500000001,-1.98724800000002,410
1897,Borrowstounness (Bo'Ness),56.0191848626102,-3.60281840209956,340
1897,INVERNESS,57.4827277738256,-4.22737025390621,276
1897,Grimsby,53.5674710000001,-0.0807839999998805,167
1897,London,51.5073509000001,-0.127758299999982,167
1897,Lynn (King's Lynn),52.7516798,0.402296300000103,164
1897,GOOLE,53.7029410000001,-0.876380999999981,140
1897,FLEETWOOD,53.9154477593217,-3.01331410565124,124
1897,IRVINE,55.618333779517,-4.65659498413083,115
1897,FOWEY,50.3349900000001,-4.63652499999995,88
1897,Tilbury Docks,51.454605122463,0.346938878173947,85
1897,Goole,53.7029410000001,-0.876380999999981,83
1897,DUBLIN,53.346388727,-6.21662037199997,74
1897,COWES,50.7627850000001,-1.30053299999997,65
1897,CORK,51.9014959520001,-8.44685895399994,53
1897,MONTROSE,56.7213304436428,-2.46576667724605,51
1897,Berwick-upon-Tweed,55.7702420000001,-2.00539499999996,45
1897,Newport,51.584151,-2.99766399999993,44
1897,Hartlepool,54.6917449999999,-1.21292600000004,41
1897,Queenborough,51.416139674537,0.742809298858174,40
1897,EXETER,50.7184120000001,-3.53389899999991,35
1897,CARDIFF,51.4815810000001,-3.17908999999992,33
1897,SUNDERLAND,54.9068690000001,-1.38380099999989,33
1897,Stockton-on-Tees,54.5704551000001,-1.32898209999991,33
1897,WICK,58.4430600485415,-3.09285166137693,32
1897,Surrey Commercial Docks,51.4970097932452,-0.0483259357263694,31
1897,DOVER,51.1278758,1.31340270000004,29
1897,LimerickL,52.660797938,-8.63965508699994,24
1897,BELFAST,54.613523371,-5.90696169099994,20
1897,Milford Haven,51.7143060000001,-5.04269709999988,20
1897,SOUTHAMPTON,50.9097004,-1.40435090000005,20
1897,SWANSEA,51.62144,-3.94364599999994,20
1897,LONDONDERRY,55.0114105220001,-7.30041944099997,19
1897,GLOUCESTER,51.8642449,-2.23815599999989,18
1897,SLIGO,54.277488562,-8.48034919799994,15
1897,YARMOUTH,50.7066653578368,-1.50013614288336,15
1897,KIRKCALDY,56.109236880424,-3.16149504760739,14
1897,Barrow-in-Furness,54.1089670000001,-3.21889399999998,13
1897,TRURO,50.2631950000001,-5.05104099999994,13
1897,IPSWICH,52.056736,1.14822000000004,11
1897,LOWESTOFT,52.481138,1.75344900000016,11
1897,ROCHESTER,51.3880000000001,0.506721000000084,11
1897,BRIDGWATER,51.1326558933295,-3.00590651324461,10
1897,Lerwick,60.155,-1.145,10
1897,NEWRY,54.1483756060001,-6.32235385399997,9
1897,WISBECH,52.666317,0.158797000000163,9
1897,WIGTOWN,54.8676447222298,-4.44449749206541,8
1897,Aberystwyth,52.415303,-4.08292000000006,7
1897,FOLKESTONE,51.081397,1.16945599999991,7
1897,PLYMOUTH,50.3754565,-4.14265649999993,7
1897,TROON,55.5444127055824,-4.67361271972649,7
1897,AVONMOUTH DOCK,51.501958264588,-2.70636874389645,6
1897,GLASGOW,55.8582389117887,-4.24254728271348,6
1897,PORTSMOUTH,50.8197675000001,-1.0879769,6
1897,WHITEHAVEN,54.5496990000001,-3.58923300000004,6
1897,ALLOA,56.1163031824617,-3.79518671321335,5
1897,CHESTER,53.1933920000001,-2.8930749999999,5
1897,FALMOUTH,50.152571,-5.06627000000003,5
1897,FAVERSHAM,51.3174325831495,0.888274418029924,5
1897,Llanelli,51.680886,-4.16024800000002,5
1897,NEWHAVEN,50.79307,0.0455740000000446,4
1897,RAMSGATE,51.3355450000001,1.41989499999994,4
1897,Shoreham-by-Sea,50.8342086000001,-0.271555799999987,4
1897,TILBURY DOCKS,51.454605122463,0.346938878173947,4
1897,WEXFORD,52.3386830540001,-6.45647567999993,4
1897,WISBEACH,52.222770887595,0.2564362275237,4
1897,BARNSTAPLE,51.0784564808267,-4.06095583599865,3
1897,BLYTH,55.1354889326177,-1.52226629597336,3
1897,Granton Harbour,55.9840543311144,-3.22823169311514,3
1897,LANCASTER,54.046575,-2.8007399,3
1897,LITTLEHAMPTON,50.811057,-0.538660899999968,3
1897,SCARBOROUGH,54.283113,-0.399751999999978,3
1897,Skibbereen,51.5486,-9.2636,3
1897,WHITBY,54.4863350000001,-0.613346999999919,3
1897,BEAUMARIS,53.2658650000001,-4.09199000000001,2
1897,COLCHESTER,51.895927,0.891874000000087,2
1897,DOUGLAS,54.1474883509337,-4.47930775924688,2
1897,GALWAY,53.269014434,-9.04777257699993,2
1897,HULL,53.7456708999999,-0.336741299999971,2
1897,Inverness,57.4827277738256,-4.22737025390621,2
1897,LEITH,55.9765554947196,-3.16607291534422,2
1897,MIDDLESBROUGH,54.5742270000001,-1.23495600000001,2
1897,Middlesbrough,54.5742270000001,-1.23495600000001,2
1897,PRESTON,53.763201,-2.70308999999992,2
1897,Runcorn,53.3420780000001,-2.72967299999999,2
1897,GRANGEMOUTH,56.0086943296901,-3.71710520629876,1
1897,HARWICH,51.9347310000001,1.26029700000004,1
1897,PETERHEAD,57.5065199884148,-1.79653335449211,1
1898,BRISTOL,51.4545130000001,-2.58790999999997,79
1898,GRIMSBY,53.5674710000001,-0.0807839999998805,79
1898,LONDON,51.5073509000001,-0.127758299999982,71
1898,LIVERPOOL,53.4083714,-2.99157259999998,57
1898,Tilbury Docks,51.454605122463,0.346938878173947,53
1898,Liverpool,53.4083714,-2.99157259999998,47
1898,DUBLIN,53.346388727,-6.21662037199997,41
1898,Tyne Ports,55.0179189721861,-1.42556335449211,41
1898,DUNDEE,56.4612028818325,-2.96765932817017,38
1898,NEWPORT,51.584151,-2.99766399999993,30
1898,London,51.5073509000001,-0.127758299999982,26
1898,Borrowstounness (Bo'Ness),56.0191848626102,-3.60281840209956,25
1898,GREENOCK,55.9505077629267,-4.75971798437838,25
1898,INVERNESS,57.4827277738256,-4.22737025390621,22
1898,GOOLE,53.7029410000001,-0.876380999999981,10
1898,MONTROSE,56.7213304436428,-2.46576667724605,6
1898,TROON,55.5444127055824,-4.67361271972649,4
1898,Berwick-upon-Tweed,55.7702420000001,-2.00539499999996,3
1898,Grimsby,53.5674710000001,-0.0807839999998805,3
1898,CORK,51.9014959520001,-8.44685895399994,1
1898,DUBLIN (NELSON DOCK),53.346388727,-6.21662037199997,1
1898,LimerickL,52.660797938,-8.63965508699994,1
1898,NEWRY,54.1483756060001,-6.32235385399997,1
1898,WICK,58.4430600485415,-3.09285166137693,1
1899,LIVERPOOL,53.4083714,-2.99157259999998,1285
1899,LONDON,51.5073509000001,-0.127758299999982,1164
1899,GRIMSBY,53.5674710000001,-0.0807839999998805,1151
1899,Tyne Ports,55.0179189721861,-1.42556335449211,866
1899,DUNDEE,56.4612028818325,-2.96765932817017,807
1899,BRISTOL,51.4545130000001,-2.58790999999997,792
1899,London,51.5073509000001,-0.127758299999982,506
1899,Lynn (King's Lynn),52.7516798,0.402296300000103,438
1899,Liverpool,53.4083714,-2.99157259999998,417
1899,Newport,51.584151,-2.99766399999993,402
1899,Tilbury Docks,51.454605122463,0.346938878173947,360
1899,Borrowstounness (Bo'Ness),56.0191848626102,-3.60281840209956,349
1899,POOLE,50.7150500000001,-1.98724800000002,346
1899,INVERNESS,57.4827277738256,-4.22737025390621,325
1899,GREENOCK,55.9505077629267,-4.75971798437838,309
1899,Grimsby,53.5674710000001,-0.0807839999998805,250
1899,TILBURY DOCKS,51.454605122463,0.346938878173947,196
1899,NEWPORT,51.584151,-2.99766399999993,164
1899,DUBLIN,53.346388727,-6.21662037199997,84
1899,FLEETWOOD,53.9154477593217,-3.01331410565124,80
1899,Stockton-on-Tees,54.5704551000001,-1.32898209999991,74
1899,FOWEY,50.3349900000001,-4.63652499999995,71
1899,GOOLE,53.7029410000001,-0.876380999999981,69
1899,MONTROSE,56.7213304436428,-2.46576667724605,57
1899,IRVINE,55.618333779517,-4.65659498413083,51
1899,Queenborough,51.416139674537,0.742809298858174,42
1899,TRURO,50.2631950000001,-5.05104099999994,39
1899,Surrey Commercial Docks,51.4970097932452,-0.0483259357263694,34
1899,WICK,58.4430600485415,-3.09285166137693,30
1899,DOVER,51.1278758,1.31340270000004,28
1899,Berwick-upon-Tweed,55.7702420000001,-2.00539499999996,25
1899,CORK,51.9014959520001,-8.44685895399994,25
1899,EXETER,50.7184120000001,-3.53389899999991,24
1899,LONDONDERRY,55.0114105220001,-7.30041944099997,22
1899,GREENOCK (TILBURY DOCKS),55.9505077629267,-4.75971798437838,21
1899,Milford Haven,51.7143060000001,-5.04269709999988,19
1899,COWES,50.7627850000001,-1.30053299999997,17
1899,ALLOA,56.1163031824617,-3.79518671321335,16
1899,Lerwick,60.155,-1.145,15
1899,Goole,53.7029410000001,-0.876380999999981,14
1899,LimerickL,52.660797938,-8.63965508699994,13
1899,TROON,55.5444127055824,-4.67361271972649,10
1899,Middlesbrough,54.5742270000001,-1.23495600000001,9
1899,NEWRY,54.1483756060001,-6.32235385399997,9
1899,SWANSEA,51.62144,-3.94364599999994,9
1899,CARDIFF,51.4815810000001,-3.17908999999992,8
1899,KIRKCALDY,56.109236880424,-3.16149504760739,8
1899,GLASGOW,55.8582389117887,-4.24254728271348,7
1899,Granton Harbour,55.9840543311144,-3.22823169311514,7
1899,LEITH,55.9765554947196,-3.16607291534422,6
1899,SURREY COMMERCIAL DOCKS,51.4970097932452,-0.0483259357263694,6
1899,GLOUCESTER,51.8642449,-2.23815599999989,5
1899,Skibbereen,51.5486,-9.2636,5
1899,ARDROSSAN,55.6481390173549,-4.80960840777251,4
1899,GRANGEMOUTH,56.0086943296901,-3.71710520629876,4
1899,MANCHESTER,53.4807593,-2.24263050000002,4
1899,YARMOUTH,50.7066653578368,-1.50013614288336,4
1899,Newry,54.1483756060001,-6.32235385399997,3
1899,SLIGO,54.277488562,-8.48034919799994,3
1899,WEXFORD,52.3386830540001,-6.45647567999993,3
1899,ABERDEEN,57.1453346208669,-2.10306332275388,2
1899,AVONMOUTH DOCK,51.501958264588,-2.70636874389645,2
1899,AYR,55.4703747229195,-4.63760140747054,2
1899,BELFAST,54.613523371,-5.90696169099994,2
1899,BRIDPORT,50.7335769,-2.7583009999999,2
1899,SUNDERLAND,54.9068690000001,-1.38380099999989,2
1899,WISBECH,52.666317,0.158797000000163,2
1899,BRISTOL (QUEEN'S DOCK),51.4545130000001,-2.58790999999997,1
1899,Barrow-in-Furness,54.1089670000001,-3.21889399999998,1
1899,FOLKESTONE,51.081397,1.16945599999991,1
1899,GALWAY,53.269014434,-9.04777257699993,1
1899,HARTLEPOOL,54.6917449999999,-1.21292600000004,1
1899,PRESTON,53.763201,-2.70308999999992,1
1899,RAMSGATE,51.3355450000001,1.41989499999994,1
1899,SCARBOROUGH,54.283113,-0.399751999999978,1
1899,SOUTHAMPTON,50.9097004,-1.40435090000005,1
1899,WEYMOUTH,50.6144279,-2.45762099999996,1
1899,WIGTOWN,54.8676447222298,-4.44449749206541,1
