issue_date,year,month,status,ocr_files,csv_ships,ocr_candidates,delta_candidates_minus_csv,month_median,ratio_to_median,files_matched,severity
1899-09-09,1899,9,OCR_COMPLETE,7,0,348,348,183,0.00,7,1670.3999999999999
1899-08-26,1899,8,OCR_COMPLETE,7,62,145,83,213,0.29,7,152.98497652582162
1899-08-19,1899,8,OCR_COMPLETE,7,85,149,64,213,0.40,7,99.9962441314554
1883-06-23,1883,6,OCR_COMPLETE,3,60,117,57,128,0.47,3,60.5625
1897-06-26,1897,6,OCR_COMPLETE,3,31,56,25,128,0.24,3,37.890625
1893-08-12,1893,8,OCR_COMPLETE,5,101,128,27,213,0.47,5,36.912676056338036
1899-09-16,1899,9,OCR_COMPLETE,6,86,112,26,183,0.47,6,33.155313351498634
1899-08-12,1899,8,OCR_COMPLETE,8,42,57,15,213,0.20,8,31.30985915492958
1899-06-17,1899,6,OCR_COMPLETE,5,48,68,20,128,0.38,5,25.0
1881-07-09,1881,7,OCR_COMPLETE,3,49,68,19,104,0.47,3,22.200000000000003
1895-07-27,1895,7,OCR_COMPLETE,4,88,102,14,104,0.84,4,15.400000000000002
1899-06-10,1899,6,OCR_COMPLETE,4,41,48,7,128,0.32,4,9.515625
1891-09-26,1891,9,OCR_COMPLETE,4,61,56,-5,183,0.33,4,0.0
1895-07-13,1895,7,OCR_COMPLETE,4,60,49,-11,104,0.57,4,0.0
1891-07-25,1891,7,OCR_COMPLETE,2,29,17,-12,104,0.28,2,0.0
1891-08-08,1891,8,OCR_COMPLETE,1,17,2,-15,213,0.08,1,0.0
1899-08-05,1899,8,OCR_COMPLETE,5,54,36,-18,213,0.25,5,0.0
1891-08-22,1891,8,OCR_COMPLETE,2,38,19,-19,213,0.18,2,0.0
1899-06-03,1899,6,OCR_COMPLETE,5,69,48,-21,128,0.54,5,0.0
1899-07-08,1899,7,OCR_COMPLETE,5,57,36,-21,104,0.55,5,0.0
1897-06-05,1897,6,OCR_COMPLETE,5,64,37,-27,128,0.50,5,0.0
1893-07-15,1893,7,OCR_COMPLETE,5,42,12,-30,104,0.40,5,0.0
1891-09-19,1891,9,OCR_COMPLETE,5,145,111,-34,183,0.79,5,0.0
1899-06-24,1899,6,OCR_COMPLETE,4,52,18,-34,128,0.41,4,0.0
1893-09-23,1893,9,OCR_COMPLETE,5,44,1,-43,183,0.24,5,0.0
1889-07-20,1889,7,OCR_COMPLETE,2,56,3,-53,104,0.54,5,0.0
1893-08-26,1893,8,OCR_COMPLETE,5,113,60,-53,213,0.53,5,0.0
1879-09-13,1879,9,OCR_COMPLETE,2,164,107,-57,183,0.89,2,0.0
1893-09-02,1893,9,OCR_COMPLETE,4,154,96,-58,183,0.84,4,0.0
1899-07-15,1899,7,OCR_COMPLETE,6,73,15,-58,104,0.70,6,0.0
1891-07-11,1891,7,OCR_COMPLETE,4,65,4,-61,104,0.62,4,0.0
1899-07-22,1899,7,OCR_COMPLETE,5,69,4,-65,104,0.66,5,0.0
1889-06-22,1889,6,OCR_COMPLETE,4,80,13,-67,128,0.62,4,0.0
1899-09-23,1899,9,OCR_COMPLETE,7,115,48,-67,183,0.63,7,0.0
1893-07-22,1893,7,OCR_COMPLETE,4,70,2,-68,104,0.67,4,0.0
1893-09-30,1893,9,OCR_COMPLETE,4,130,62,-68,183,0.71,4,0.0
1881-09-17,1881,9,OCR_COMPLETE,4,245,176,-69,183,1.34,4,0.0
1899-07-29,1899,7,OCR_COMPLETE,6,75,5,-70,104,0.72,6,0.0
1891-07-18,1891,7,OCR_COMPLETE,3,74,1,-73,104,0.71,3,0.0
1899-09-30,1899,9,OCR_COMPLETE,5,104,28,-76,183,0.57,5,0.0
1897-06-12,1897,6,OCR_COMPLETE,4,80,3,-77,128,0.62,4,0.0
1893-06-10,1893,6,OCR_COMPLETE,3,110,32,-78,128,0.86,3,0.0
1893-06-24,1893,6,OCR_COMPLETE,4,115,36,-79,128,0.90,4,0.0
1897-06-19,1897,6,OCR_COMPLETE,4,80,0,-80,128,0.62,4,0.0
1895-07-20,1895,7,OCR_COMPLETE,4,83,2,-81,104,0.79,4,0.0
1889-08-10,1889,8,OCR_COMPLETE,3,86,3,-83,213,0.40,3,0.0
1895-09-14,1895,9,OCR_COMPLETE,3,127,44,-83,183,0.69,3,0.0
1893-07-29,1893,7,OCR_COMPLETE,4,128,44,-84,104,1.22,4,0.0
1893-06-17,1893,6,OCR_COMPLETE,4,95,9,-86,128,0.74,4,0.0
1895-07-06,1895,7,OCR_COMPLETE,4,95,8,-87,104,0.91,4,0.0
1893-07-01,1893,7,OCR_COMPLETE,4,91,1,-90,104,0.87,4,0.0
1889-09-28,1889,9,OCR_COMPLETE,3,98,3,-95,183,0.53,3,0.0
1879-06-21,1879,6,OCR_COMPLETE,2,163,65,-98,128,1.27,2,0.0
1881-08-27,1881,8,OCR_COMPLETE,4,208,109,-99,213,0.98,4,0.0
1895-08-03,1895,8,OCR_COMPLETE,4,101,2,-99,213,0.47,4,0.0
1883-07-14,1883,7,OCR_COMPLETE,5,218,118,-100,104,2.09,5,0.0
1895-08-10,1895,8,OCR_COMPLETE,4,113,10,-103,213,0.53,4,0.0
1881-06-11,1881,6,OCR_COMPLETE,3,112,8,-104,128,0.88,3,0.0
1891-09-12,1891,9,OCR_COMPLETE,4,110,4,-106,183,0.60,4,0.0
1879-08-16,1879,8,OCR_COMPLETE,3,303,192,-111,213,1.42,3,0.0
1899-07-01,1899,7,OCR_COMPLETE,6,114,2,-112,104,1.09,6,0.0
1893-07-08,1893,7,OCR_COMPLETE,5,115,2,-113,104,1.10,5,0.0
1889-06-29,1889,6,OCR_COMPLETE,5,118,4,-114,128,0.92,5,0.0
1889-06-01,1889,6,OCR_COMPLETE,5,147,32,-115,128,1.15,5,0.0
1881-06-18,1881,6,OCR_COMPLETE,3,127,9,-118,128,0.99,3,0.0
1893-08-05,1893,8,OCR_COMPLETE,5,135,10,-125,213,0.63,5,0.0
1881-06-25,1881,6,OCR_COMPLETE,2,129,1,-128,128,1.01,2,0.0
1883-06-10,1883,6,OCR_COMPLETE,3,151,14,-137,128,1.18,3,0.0
1893-06-03,1893,6,OCR_COMPLETE,3,145,3,-142,128,1.13,3,0.0
1881-07-16,1881,7,OCR_COMPLETE,3,146,2,-144,104,1.40,3,0.0
1895-09-21,1895,9,OCR_COMPLETE,4,147,1,-146,183,0.80,4,0.0
1889-06-15,1889,6,OCR_COMPLETE,4,156,4,-152,128,1.22,4,0.0
1883-09-15,1883,9,OCR_COMPLETE,4,179,22,-157,183,0.98,4,0.0
1889-06-08,1889,6,OCR_COMPLETE,4,159,2,-157,128,1.24,4,0.0
1891-08-15,1891,8,OCR_COMPLETE,5,163,6,-157,213,0.77,5,0.0
1891-06-27,1891,6,OCR_COMPLETE,4,164,1,-163,128,1.28,4,0.0
1883-06-09,1883,6,OCR_COMPLETE,3,169,5,-164,128,1.32,3,0.0
1881-07-02,1881,7,OCR_COMPLETE,3,178,7,-171,104,1.70,3,0.0
1893-09-09,1893,9,OCR_COMPLETE,5,227,56,-171,183,1.24,5,0.0
1895-09-28,1895,9,OCR_COMPLETE,4,171,0,-171,183,0.93,4,0.0
1895-09-07,1895,9,OCR_COMPLETE,4,181,4,-177,183,0.99,4,0.0
1883-07-07,1883,7,OCR_COMPLETE,5,221,37,-184,104,2.11,5,0.0
1891-06-13,1891,6,OCR_COMPLETE,4,185,1,-184,128,1.45,4,0.0
1899-09-02,1899,9,OCR_COMPLETE,7,222,37,-185,183,1.21,7,0.0
1881-06-04,1881,6,OCR_COMPLETE,3,200,14,-186,128,1.56,3,0.0
1893-09-16,1893,9,OCR_COMPLETE,3,186,0,-186,183,1.01,3,0.0
1881-08-13,1881,8,OCR_COMPLETE,3,261,74,-187,213,1.23,3,0.0
1883-06-02,1883,6,OCR_COMPLETE,2,195,5,-190,128,1.52,2,0.0
1891-08-01,1891,8,OCR_COMPLETE,6,198,2,-196,213,0.93,6,0.0
1895-08-24,1895,8,OCR_COMPLETE,4,197,1,-196,213,0.92,4,0.0
1891-06-06,1891,6,OCR_COMPLETE,4,202,2,-200,128,1.58,4,0.0
1883-08-11,1883,8,OCR_COMPLETE,4,213,10,-203,213,1.00,4,0.0
1893-08-19,1893,8,OCR_COMPLETE,5,208,3,-205,213,0.98,5,0.0
1891-06-20,1891,6,OCR_COMPLETE,5,216,10,-206,128,1.69,5,0.0
1881-07-30,1881,7,OCR_COMPLETE,3,209,0,-209,104,2.00,3,0.0
1891-09-05,1891,9,OCR_COMPLETE,5,214,4,-210,183,1.17,5,0.0
1889-07-06,1889,7,OCR_COMPLETE,4,214,2,-212,104,2.05,4,0.0
1881-07-23,1881,7,PARTIAL_FAIL,4,216,3,-213,104,2.07,4,0.0
1891-07-04,1891,7,OCR_COMPLETE,6,214,1,-213,104,2.05,6,0.0
1895-08-31,1895,8,OCR_COMPLETE,4,214,1,-213,213,1.00,4,0.0
1881-09-10,1881,9,OCR_COMPLETE,4,379,165,-214,183,2.07,4,0.0
1889-07-27,1889,7,OCR_COMPLETE,5,230,9,-221,104,2.20,5,0.0
1881-08-06,1881,8,OCR_COMPLETE,3,227,0,-227,213,1.07,3,0.0
1879-06-07,1879,6,OCR_COMPLETE,2,235,0,-235,128,1.84,2,0.0
1881-09-24,1881,9,OCR_COMPLETE,3,254,9,-245,183,1.38,3,0.0
1879-08-02,1879,8,OCR_COMPLETE,3,290,43,-247,213,1.36,3,0.0
1883-08-04,1883,8,OCR_COMPLETE,4,249,2,-247,213,1.17,4,0.0
1883-07-21,1883,7,OCR_COMPLETE,4,261,12,-249,104,2.50,4,0.0
1889-09-14,1889,9,OCR_COMPLETE,7,251,2,-249,183,1.37,7,0.0
1879-07-05,1879,7,OCR_COMPLETE,3,251,1,-250,104,2.40,3,0.0
1883-08-25,1883,8,OCR_COMPLETE,3,250,0,-250,213,1.17,3,0.0
1883-07-28,1883,7,OCR_COMPLETE,4,261,10,-251,104,2.50,4,0.0
1889-08-15,1889,8,OCR_COMPLETE,4,260,0,-260,213,1.22,4,0.0
1895-08-17,1895,8,OCR_COMPLETE,5,273,4,-269,213,1.28,5,0.0
1883-09-22,1883,9,OCR_COMPLETE,4,288,7,-281,183,1.57,4,0.0
1889-09-07,1889,9,OCR_COMPLETE,5,324,42,-282,183,1.77,5,0.0
1889-08-03,1889,8,OCR_COMPLETE,6,290,2,-288,213,1.36,6,0.0
1889-08-31,1889,8,OCR_COMPLETE,5,294,3,-291,213,1.38,5,0.0
1889-07-13,1889,7,OCR_COMPLETE,4,298,0,-298,104,2.85,4,0.0
1889-08-24,1889,8,OCR_COMPLETE,5,346,39,-307,213,1.62,5,0.0
1883-06-30,1883,6,OCR_COMPLETE,3,325,0,-325,128,2.54,3,0.0
1883-09-01,1883,9,OCR_COMPLETE,4,342,10,-332,183,1.86,4,0.0
1879-09-27,1879,9,OCR_COMPLETE,3,361,27,-334,183,1.97,3,0.0
1881-08-20,1881,8,OCR_COMPLETE,3,338,0,-338,213,1.59,3,0.0
1881-09-03,1881,9,OCR_COMPLETE,4,382,2,-380,183,2.08,4,0.0
1889-09-21,1889,9,OCR_COMPLETE,7,399,4,-395,183,2.17,7,0.0
1883-09-08,1883,9,OCR_COMPLETE,4,403,6,-397,183,2.20,4,0.0
1889-08-17,1889,8,OCR_COMPLETE,5,407,6,-401,213,1.91,5,0.0
1891-08-29,1891,8,OCR_COMPLETE,6,407,3,-404,213,1.91,6,0.0
1883-08-18,1883,8,OCR_COMPLETE,4,432,7,-425,213,2.03,4,0.0
1879-08-30,1879,8,OCR_COMPLETE,3,436,2,-434,213,2.05,3,0.0
1879-07-10,1879,7,OCR_COMPLETE,3,465,0,-465,104,4.45,3,0.0
1883-09-29,1883,9,OCR_COMPLETE,5,613,3,-610,183,3.34,5,0.0
