issue_date,year,month,day,status,ocr_files,ocr_pages,failed_count,failed_errors,ships_parsed,unprocessed_pdfs
1879-04-26,1879,04,26,OCR_COMPLETE,2,2,0,,108,0
1879-06-07,1879,06,07,OCR_COMPLETE,2,2,0,,235,0
1879-06-21,1879,06,21,OCR_COMPLETE,2,2,0,,163,0
1879-07-05,1879,07,05,OCR_COMPLETE,3,3,0,,251,0
1879-07-10,1879,07,10,OCR_COMPLETE,3,3,0,,465,0
1879-08-02,1879,08,02,OCR_COMPLETE,3,3,0,,290,0
1879-08-16,1879,08,16,OCR_COMPLETE,3,3,0,,303,0
1879-08-30,1879,08,30,OCR_COMPLETE,3,3,0,,436,0
1879-09-13,1879,09,13,OCR_COMPLETE,2,2,0,,164,0
1879-09-27,1879,09,27,OCR_COMPLETE,3,3,0,,361,0
1879-10-11,1879,10,11,OCR_COMPLETE,3,3,0,,176,0
1879-10-25,1879,10,25,OCR_COMPLETE,3,3,0,,126,0
1879-11-08,1879,11,08,OCR_COMPLETE,4,4,0,,523,0
1879-11-22,1879,11,22,OCR_COMPLETE,2,2,0,,157,0
1879-12-06,1879,12,06,OCR_COMPLETE,3,3,0,,141,0
1879-12-20,1879,12,20,OCR_COMPLETE,2,2,0,,176,0
1881-01-01,1881,01,01,OCR_COMPLETE,1,1,0,,0,0
1881-01-08,1881,01,08,PARTIAL_FAIL,2,2,1,MAX_TOKENS,80,0
1881-01-15,1881,01,15,OCR_COMPLETE,1,1,0,,84,0
1881-01-22,1881,01,22,OCR_COMPLETE,2,2,0,,81,0
1881-01-29,1881,01,29,OCR_COMPLETE,1,1,0,,0,0
1881-02-12,1881,02,12,OCR_COMPLETE,1,1,0,,85,0
1881-02-19,1881,02,19,OCR_COMPLETE,1,1,0,,68,0
1881-02-26,1881,02,26,OCR_COMPLETE,1,1,0,,0,0
1881-03-05,1881,03,05,OCR_COMPLETE,1,1,0,,91,0
1881-03-12,1881,03,12,OCR_COMPLETE,1,1,0,,0,0
1881-03-19,1881,03,19,OCR_COMPLETE,1,1,0,,0,0
1881-03-26,1881,03,26,OCR_COMPLETE,1,1,0,,68,0
1881-04-02,1881,04,02,OCR_COMPLETE,1,1,0,,0,0
1881-04-09,1881,04,09,OCR_COMPLETE,1,1,0,,0,0
1881-04-16,1881,04,16,OCR_COMPLETE,2,2,0,,113,0
1881-04-23,1881,04,23,OCR_COMPLETE,2,2,0,,51,0
1881-04-30,1881,04,30,OCR_COMPLETE,2,2,0,,177,0
1881-05-07,1881,05,07,OCR_COMPLETE,2,2,0,,84,0
1881-05-14,1881,05,14,OCR_COMPLETE,3,3,0,,135,0
1881-05-21,1881,05,21,OCR_COMPLETE,3,3,0,,147,0
1881-05-28,1881,05,28,OCR_COMPLETE,2,2,0,,148,0
1881-06-04,1881,06,04,OCR_COMPLETE,3,3,0,,200,0
1881-06-11,1881,06,11,OCR_COMPLETE,3,3,0,,112,0
1881-06-18,1881,06,18,OCR_COMPLETE,3,3,0,,127,0
1881-06-25,1881,06,25,OCR_COMPLETE,2,2,0,,129,0
1881-07-02,1881,07,02,OCR_COMPLETE,3,3,0,,178,0
1881-07-09,1881,07,09,OCR_COMPLETE,3,3,0,,49,0
1881-07-16,1881,07,16,OCR_COMPLETE,3,3,0,,146,0
1881-07-23,1881,07,23,PARTIAL_FAIL,4,4,1,MAX_TOKENS,216,0
1881-07-30,1881,07,30,OCR_COMPLETE,3,3,0,,209,0
1881-08-06,1881,08,06,OCR_COMPLETE,3,3,0,,227,0
1881-08-13,1881,08,13,OCR_COMPLETE,3,3,0,,261,0
1881-08-20,1881,08,20,OCR_COMPLETE,3,3,0,,338,0
1881-08-27,1881,08,27,OCR_COMPLETE,4,4,0,,208,0
1881-09-03,1881,09,03,OCR_COMPLETE,4,4,0,,382,0
1881-09-10,1881,09,10,OCR_COMPLETE,4,4,0,,379,0
1881-09-17,1881,09,17,OCR_COMPLETE,4,4,0,,245,0
1881-09-24,1881,09,24,OCR_COMPLETE,3,3,0,,254,0
1881-10-01,1881,10,01,OCR_COMPLETE,3,3,0,,159,0
1881-10-08,1881,10,08,OCR_COMPLETE,3,3,0,,173,0
1881-10-15,1881,10,15,PARTIAL_FAIL,3,3,1,MAX_TOKENS,110,0
1881-10-22,1881,10,22,OCR_COMPLETE,2,2,0,,169,0
1881-10-29,1881,10,29,PARTIAL_FAIL,3,3,1,MAX_TOKENS,188,0
1881-11-05,1881,11,05,OCR_COMPLETE,4,4,0,,443,0
1881-11-12,1881,11,12,PARTIAL_FAIL,3,3,1,MAX_TOKENS,128,0
1881-11-19,1881,11,19,OCR_COMPLETE,2,2,0,,78,0
1881-11-26,1881,11,26,OCR_COMPLETE,2,2,0,,117,0
1881-12-03,1881,12,03,OCR_COMPLETE,2,2,0,,97,0
1881-12-10,1881,12,10,OCR_COMPLETE,2,2,0,,165,0
1881-12-17,1881,12,17,PARTIAL_FAIL,3,3,1,MAX_TOKENS,46,0
1881-12-24,1881,12,24,OCR_COMPLETE,2,2,0,,62,0
1881-12-31,1881,12,31,PARTIAL_FAIL,2,2,2,MAX_TOKENS,0,0
1883-01-06,1883,01,06,OCR_COMPLETE,1,1,0,,65,0
1883-01-13,1883,01,13,OCR_COMPLETE,2,2,0,,11,0
1883-01-27,1883,01,27,OCR_COMPLETE,2,2,0,,110,0
1883-02-03,1883,02,03,OCR_COMPLETE,1,1,0,,0,0
1883-02-10,1883,02,10,OCR_COMPLETE,2,2,0,,52,0
1883-02-17,1883,02,17,OCR_COMPLETE,3,3,0,,80,0
1883-02-24,1883,02,24,OCR_COMPLETE,2,2,0,,55,0
1883-03-03,1883,03,03,OCR_COMPLETE,3,3,0,,41,0
1883-03-10,1883,03,10,OCR_COMPLETE,2,2,0,,67,0
1883-03-17,1883,03,17,OCR_COMPLETE,3,3,0,,105,0
1883-03-24,1883,03,24,OCR_COMPLETE,2,2,0,,122,0
1883-03-31,1883,03,31,OCR_COMPLETE,3,3,0,,141,0
1883-04-07,1883,04,07,OCR_COMPLETE,2,2,0,,118,0
1883-04-14,1883,04,14,OCR_COMPLETE,2,2,0,,160,0
1883-04-21,1883,04,21,OCR_COMPLETE,2,2,0,,120,0
1883-04-28,1883,04,28,OCR_COMPLETE,3,3,0,,156,0
1883-05-05,1883,05,05,OCR_COMPLETE,3,3,0,,115,0
1883-05-12,1883,05,12,OCR_COMPLETE,2,2,0,,106,0
1883-05-19,1883,05,19,OCR_COMPLETE,2,2,0,,89,0
1883-05-26,1883,05,26,OCR_COMPLETE,3,3,0,,145,0
1883-06-02,1883,06,02,OCR_COMPLETE,2,2,0,,195,0
1883-06-09,1883,06,09,OCR_COMPLETE,3,3,0,,169,0
1883-06-10,1883,06,10,OCR_COMPLETE,3,3,0,,151,0
1883-06-23,1883,06,23,OCR_COMPLETE,3,3,0,,60,0
1883-06-30,1883,06,30,OCR_COMPLETE,3,3,0,,325,0
1883-07-07,1883,07,07,OCR_COMPLETE,5,5,0,,221,0
1883-07-14,1883,07,14,OCR_COMPLETE,5,5,0,,218,0
1883-07-21,1883,07,21,OCR_COMPLETE,4,4,0,,261,0
1883-07-28,1883,07,28,OCR_COMPLETE,4,4,0,,261,0
1883-08-04,1883,08,04,OCR_COMPLETE,4,4,0,,249,0
1883-08-11,1883,08,11,OCR_COMPLETE,4,4,0,,213,0
1883-08-18,1883,08,18,OCR_COMPLETE,4,4,0,,432,0
1883-08-25,1883,08,25,OCR_COMPLETE,3,3,0,,250,0
1883-09-01,1883,09,01,OCR_COMPLETE,4,4,0,,342,0
1883-09-08,1883,09,08,OCR_COMPLETE,4,4,0,,403,0
1883-09-15,1883,09,15,OCR_COMPLETE,4,4,0,,179,0
1883-09-22,1883,09,22,OCR_COMPLETE,4,4,0,,288,0
1883-09-29,1883,09,29,OCR_COMPLETE,5,5,0,,613,0
1883-10-06,1883,10,06,OCR_COMPLETE,4,4,0,,323,0
1883-10-13,1883,10,13,OCR_COMPLETE,3,3,0,,428,0
1883-10-20,1883,10,20,OCR_COMPLETE,4,4,0,,166,0
1883-10-27,1883,10,27,OCR_COMPLETE,3,3,0,,245,0
1883-11-03,1883,11,03,OCR_COMPLETE,3,3,0,,206,0
1883-11-10,1883,11,10,OCR_COMPLETE,3,3,0,,187,0
1883-11-17,1883,11,17,OCR_COMPLETE,4,4,0,,259,0
1883-11-24,1883,11,24,OCR_COMPLETE,4,4,0,,288,0
1883-12-01,1883,12,01,OCR_COMPLETE,2,2,0,,179,0
1883-12-08,1883,12,08,OCR_COMPLETE,3,3,0,,171,0
1883-12-15,1883,12,15,OCR_COMPLETE,2,2,0,,192,0
1883-12-22,1883,12,22,OCR_COMPLETE,3,3,0,,70,0
1883-12-29,1883,12,29,OCR_COMPLETE,2,2,0,,132,0
1884-01-05,1884,01,05,OCR_COMPLETE,2,2,0,,198,0
1884-01-12,1884,01,12,OCR_COMPLETE,3,3,0,,126,0
1884-01-19,1884,01,19,OCR_COMPLETE,3,3,0,,95,0
1884-01-26,1884,01,26,OCR_COMPLETE,1,1,0,,72,0
1889-01-05,1889,01,05,OCR_COMPLETE,4,4,0,,120,0
1889-01-12,1889,01,12,OCR_COMPLETE,3,3,0,,123,0
1889-01-19,1889,01,19,OCR_COMPLETE,3,3,0,,147,0
1889-01-26,1889,01,26,OCR_COMPLETE,3,3,0,,116,0
1889-02-02,1889,02,02,OCR_COMPLETE,2,2,0,,73,0
1889-02-09,1889,02,09,OCR_COMPLETE,2,2,0,,2,0
1889-02-16,1889,02,16,OCR_COMPLETE,2,2,0,,29,0
1889-02-23,1889,02,23,OCR_COMPLETE,2,2,0,,21,0
1889-03-02,1889,03,02,OCR_COMPLETE,2,2,0,,93,0
1889-03-09,1889,03,09,OCR_COMPLETE,3,3,0,,129,0
1889-03-16,1889,03,16,OCR_COMPLETE,3,3,0,,70,0
1889-03-23,1889,03,23,OCR_COMPLETE,2,2,0,,59,0
1889-03-30,1889,03,30,OCR_COMPLETE,3,3,0,,49,0
1889-04-06,1889,04,06,OCR_COMPLETE,3,3,0,,78,0
1889-04-13,1889,04,13,OCR_COMPLETE,3,3,0,,155,0
1889-04-20,1889,04,20,OCR_COMPLETE,3,3,0,,111,0
1889-04-27,1889,04,27,OCR_COMPLETE,4,4,0,,102,0
1889-05-04,1889,05,04,OCR_COMPLETE,5,5,0,,40,0
1889-05-11,1889,05,11,OCR_COMPLETE,4,4,0,,154,0
1889-05-18,1889,05,18,OCR_COMPLETE,4,4,0,,61,0
1889-05-25,1889,05,25,OCR_COMPLETE,4,4,0,,157,0
1889-06-01,1889,06,01,OCR_COMPLETE,5,5,0,,147,0
1889-06-08,1889,06,08,OCR_COMPLETE,4,4,0,,159,0
1889-06-15,1889,06,15,OCR_COMPLETE,4,4,0,,156,0
1889-06-22,1889,06,22,OCR_COMPLETE,4,4,0,,80,0
1889-06-29,1889,06,29,OCR_COMPLETE,5,5,0,,118,0
1889-07-06,1889,07,06,OCR_COMPLETE,4,4,0,,214,0
1889-07-13,1889,07,13,OCR_COMPLETE,4,4,0,,298,0
1889-07-20,1889,07,20,OCR_COMPLETE,2,2,0,,56,0
1889-07-27,1889,07,27,OCR_COMPLETE,5,5,0,,230,0
1889-08-03,1889,08,03,OCR_COMPLETE,6,6,0,,290,0
1889-08-10,1889,08,10,OCR_COMPLETE,3,3,0,,86,0
1889-08-15,1889,08,15,OCR_COMPLETE,4,4,0,,260,0
1889-08-17,1889,08,17,OCR_COMPLETE,5,5,0,,407,0
1889-08-24,1889,08,24,OCR_COMPLETE,5,5,0,,346,0
1889-08-31,1889,08,31,OCR_COMPLETE,5,5,0,,294,0
1889-09-07,1889,09,07,OCR_COMPLETE,5,5,0,,324,0
1889-09-14,1889,09,14,OCR_COMPLETE,7,7,0,,251,0
1889-09-21,1889,09,21,OCR_COMPLETE,7,7,0,,399,0
1889-09-28,1889,09,28,OCR_COMPLETE,3,3,0,,98,0
1889-10-05,1889,10,05,OCR_COMPLETE,3,3,0,,198,0
1889-10-12,1889,10,12,OCR_COMPLETE,4,4,0,,76,0
1889-10-19,1889,10,19,OCR_COMPLETE,4,4,0,,239,0
1889-10-26,1889,10,26,OCR_COMPLETE,3,3,0,,159,0
1889-11-02,1889,11,02,OCR_COMPLETE,5,5,0,,359,0
1889-11-03,1889,11,03,OCR_COMPLETE,2,2,0,,44,0
1889-11-09,1889,11,09,OCR_COMPLETE,2,2,0,,201,0
1889-11-16,1889,11,16,OCR_COMPLETE,5,5,0,,206,0
1889-11-23,1889,11,23,OCR_COMPLETE,4,4,0,,182,0
1889-11-30,1889,11,30,OCR_COMPLETE,4,4,0,,152,0
1889-12-07,1889,12,07,OCR_COMPLETE,4,4,0,,201,0
1889-12-14,1889,12,14,OCR_COMPLETE,4,4,0,,293,0
1889-12-21,1889,12,21,OCR_COMPLETE,2,2,0,,23,0
1889-12-28,1889,12,28,OCR_COMPLETE,3,3,0,,72,0
1890-01-04,1890,01,04,OCR_COMPLETE,4,4,0,,121,0
1890-01-11,1890,01,11,OCR_COMPLETE,2,2,0,,141,0
1890-01-18,1890,01,18,OCR_COMPLETE,1,1,0,,11,0
1890-01-25,1890,01,25,OCR_COMPLETE,2,2,0,,9,0
1891-01-03,1891,01,03,OCR_COMPLETE,3,3,0,,122,0
1891-01-10,1891,01,10,OCR_COMPLETE,1,1,0,,10,0
1891-01-24,1891,01,24,OCR_COMPLETE,3,3,0,,14,0
1891-01-31,1891,01,31,OCR_COMPLETE,2,2,0,,64,0
1891-02-07,1891,02,07,OCR_COMPLETE,3,3,0,,73,0
1891-02-14,1891,02,14,OCR_COMPLETE,1,1,0,,0,0
1891-02-21,1891,02,21,OCR_COMPLETE,3,3,0,,35,0
1891-02-28,1891,02,28,OCR_COMPLETE,2,2,0,,83,0
1891-03-07,1891,03,07,OCR_COMPLETE,3,3,0,,21,0
1891-03-14,1891,03,14,OCR_COMPLETE,2,2,0,,7,0
1891-03-21,1891,03,21,OCR_COMPLETE,4,4,0,,69,0
1891-03-28,1891,03,28,OCR_COMPLETE,3,3,0,,165,0
1891-04-04,1891,04,04,OCR_COMPLETE,4,4,0,,89,0
1891-04-11,1891,04,11,OCR_COMPLETE,3,3,0,,67,0
1891-04-18,1891,04,18,OCR_COMPLETE,3,3,0,,162,0
1891-04-25,1891,04,25,OCR_COMPLETE,3,3,0,,71,0
1891-05-02,1891,05,02,OCR_COMPLETE,4,4,0,,73,0
1891-05-09,1891,05,09,OCR_COMPLETE,3,3,0,,99,0
1891-05-16,1891,05,16,OCR_COMPLETE,4,4,0,,114,0
1891-05-23,1891,05,23,OCR_COMPLETE,3,3,0,,100,0
1891-05-30,1891,05,30,OCR_COMPLETE,4,4,0,,78,0
1891-06-06,1891,06,06,OCR_COMPLETE,4,4,0,,202,0
1891-06-13,1891,06,13,OCR_COMPLETE,4,4,0,,185,0
1891-06-20,1891,06,20,OCR_COMPLETE,5,5,0,,216,0
1891-06-27,1891,06,27,OCR_COMPLETE,4,4,0,,164,0
1891-07-04,1891,07,04,OCR_COMPLETE,6,6,0,,214,0
1891-07-11,1891,07,11,OCR_COMPLETE,4,4,0,,65,0
1891-07-18,1891,07,18,OCR_COMPLETE,3,3,0,,74,0
1891-07-25,1891,07,25,OCR_COMPLETE,2,2,0,,29,0
1891-08-01,1891,08,01,OCR_COMPLETE,6,6,0,,198,0
1891-08-08,1891,08,08,OCR_COMPLETE,1,1,0,,17,0
1891-08-15,1891,08,15,OCR_COMPLETE,5,5,0,,163,0
1891-08-22,1891,08,22,OCR_COMPLETE,2,2,0,,38,0
1891-08-29,1891,08,29,OCR_COMPLETE,6,6,0,,407,0
1891-09-05,1891,09,05,OCR_COMPLETE,5,5,0,,214,0
1891-09-12,1891,09,12,OCR_COMPLETE,4,4,0,,110,0
1891-09-19,1891,09,19,OCR_COMPLETE,5,5,0,,145,0
1891-09-26,1891,09,26,OCR_COMPLETE,4,4,0,,61,0
1891-10-03,1891,10,03,OCR_COMPLETE,5,5,0,,247,0
1891-10-10,1891,10,10,OCR_COMPLETE,4,4,0,,176,0
1891-10-17,1891,10,17,OCR_COMPLETE,3,3,0,,118,0
1891-10-24,1891,10,24,OCR_COMPLETE,3,3,0,,124,0
1891-10-31,1891,10,31,OCR_COMPLETE,4,4,0,,89,0
1891-11-07,1891,11,07,OCR_COMPLETE,5,5,0,,118,0
1891-11-14,1891,11,14,OCR_COMPLETE,3,3,0,,180,0
1891-11-21,1891,11,21,OCR_COMPLETE,4,4,0,,57,0
1891-11-28,1891,11,28,OCR_COMPLETE,4,4,0,,195,0
1891-12-05,1891,12,05,OCR_COMPLETE,3,3,0,,184,0
1891-12-12,1891,12,12,OCR_COMPLETE,4,4,0,,133,0
1891-12-19,1891,12,19,OCR_COMPLETE,3,3,0,,75,0
1891-12-26,1891,12,26,OCR_COMPLETE,3,3,0,,51,0
1892-01-02,1892,01,02,OCR_COMPLETE,4,4,0,,202,0
1892-01-09,1892,01,09,OCR_COMPLETE,3,3,0,,68,0
1892-01-16,1892,01,16,OCR_COMPLETE,2,2,0,,67,0
1892-01-23,1892,01,23,OCR_COMPLETE,3,3,0,,112,0
1892-01-30,1892,01,30,OCR_COMPLETE,3,3,0,,9,0
1893-01-07,1893,01,07,OCR_COMPLETE,2,2,0,,69,0
1893-01-14,1893,01,14,OCR_COMPLETE,3,3,0,,97,0
1893-01-21,1893,01,21,OCR_COMPLETE,2,2,0,,33,0
1893-01-28,1893,01,28,OCR_COMPLETE,2,2,0,,42,0
1893-02-04,1893,02,04,OCR_COMPLETE,2,2,0,,0,0
1893-02-11,1893,02,11,OCR_COMPLETE,2,2,0,,27,0
1893-02-18,1893,02,18,OCR_COMPLETE,1,1,0,,68,0
1893-02-25,1893,02,25,OCR_COMPLETE,3,3,0,,38,0
1893-03-04,1893,03,04,OCR_COMPLETE,2,2,0,,34,0
1893-03-11,1893,03,11,OCR_COMPLETE,2,2,0,,68,0
1893-03-18,1893,03,18,OCR_COMPLETE,3,3,0,,22,0
1893-03-25,1893,03,25,OCR_COMPLETE,3,3,0,,41,0
1893-04-01,1893,04,01,OCR_COMPLETE,2,2,0,,53,0
1893-04-08,1893,04,08,OCR_COMPLETE,2,2,0,,13,0
1893-05-06,1893,05,06,OCR_COMPLETE,3,3,0,,164,0
1893-05-13,1893,05,13,OCR_COMPLETE,1,1,0,,33,0
1893-05-15,1893,05,15,OCR_COMPLETE,3,3,0,,53,0
1893-05-20,1893,05,20,OCR_COMPLETE,4,4,0,,44,0
1893-05-27,1893,05,27,OCR_COMPLETE,4,4,0,,119,0
1893-06-03,1893,06,03,OCR_COMPLETE,3,3,0,,145,0
1893-06-10,1893,06,10,OCR_COMPLETE,3,3,0,,110,0
1893-06-17,1893,06,17,OCR_COMPLETE,4,4,0,,95,0
1893-06-24,1893,06,24,OCR_COMPLETE,4,4,0,,115,0
1893-07-01,1893,07,01,OCR_COMPLETE,4,4,0,,91,0
1893-07-08,1893,07,08,OCR_COMPLETE,5,5,0,,115,0
1893-07-15,1893,07,15,OCR_COMPLETE,5,5,0,,42,0
1893-07-22,1893,07,22,OCR_COMPLETE,4,4,0,,70,0
1893-07-29,1893,07,29,OCR_COMPLETE,4,4,0,,128,0
1893-08-05,1893,08,05,OCR_COMPLETE,5,5,0,,135,0
1893-08-12,1893,08,12,OCR_COMPLETE,5,5,0,,101,0
1893-08-19,1893,08,19,OCR_COMPLETE,5,5,0,,208,0
1893-08-26,1893,08,26,OCR_COMPLETE,5,5,0,,113,0
1893-09-02,1893,09,02,OCR_COMPLETE,4,4,0,,154,0
1893-09-09,1893,09,09,OCR_COMPLETE,5,5,0,,227,0
1893-09-16,1893,09,16,OCR_COMPLETE,3,3,0,,186,0
1893-09-23,1893,09,23,OCR_COMPLETE,5,5,0,,44,0
1893-09-30,1893,09,30,OCR_COMPLETE,4,4,0,,130,0
1893-10-07,1893,10,07,OCR_COMPLETE,4,4,0,,145,0
1893-10-11,1893,10,11,OCR_COMPLETE,2,2,0,,24,0
1893-10-14,1893,10,14,OCR_COMPLETE,2,2,0,,133,0
1893-10-21,1893,10,21,OCR_COMPLETE,5,5,0,,243,0
1893-10-28,1893,10,28,OCR_COMPLETE,4,4,0,,182,0
1893-11-04,1893,11,04,OCR_COMPLETE,5,5,0,,167,0
1893-11-11,1893,11,11,OCR_COMPLETE,4,4,0,,143,0
1893-11-18,1893,11,18,OCR_COMPLETE,4,4,0,,233,0
1893-11-25,1893,11,25,OCR_COMPLETE,5,5,0,,185,0
1893-12-02,1893,12,02,OCR_COMPLETE,4,4,0,,99,0
1893-12-09,1893,12,09,OCR_COMPLETE,2,2,0,,155,0
1893-12-16,1893,12,16,OCR_COMPLETE,3,3,0,,176,0
1893-12-23,1893,12,23,OCR_COMPLETE,2,2,0,,32,0
1893-12-30,1893,12,30,OCR_COMPLETE,2,2,0,,58,0
1895-01-05,1895,01,05,UNPROCESSED,0,0,0,,0,2
1895-01-12,1895,01,12,UNPROCESSED,0,0,0,,0,2
1895-01-19,1895,01,19,UNPROCESSED,0,0,0,,0,2
1895-01-26,1895,01,26,UNPROCESSED,0,0,0,,0,2
1895-02-02,1895,02,02,UNPROCESSED,0,0,0,,0,2
1895-02-09,1895,02,09,UNPROCESSED,0,0,0,,0,2
1895-02-16,1895,02,16,UNPROCESSED,0,0,0,,0,2
1895-02-23,1895,02,23,UNPROCESSED,0,0,0,,0,1
1895-03-07,1895,03,07,UNPROCESSED,0,0,0,,0,1
1895-03-09,1895,03,09,UNPROCESSED,0,0,0,,0,1
1895-03-16,1895,03,16,UNPROCESSED,0,0,0,,0,2
1895-03-23,1895,03,23,UNPROCESSED,0,0,0,,0,2
1895-03-30,1895,03,30,UNPROCESSED,0,0,0,,0,2
1895-04-06,1895,04,06,UNPROCESSED,0,0,0,,0,2
1895-04-13,1895,04,13,UNPROCESSED,0,0,0,,0,2
1895-04-20,1895,04,20,UNPROCESSED,0,0,0,,0,2
1895-04-27,1895,04,27,UNPROCESSED,0,0,0,,0,2
1895-05-04,1895,05,04,UNPROCESSED,0,0,0,,0,2
1895-05-11,1895,05,11,UNPROCESSED,0,0,0,,0,2
1895-05-18,1895,05,18,UNPROCESSED,0,0,0,,0,2
1895-05-25,1895,05,25,UNPROCESSED,0,0,0,,0,2
1895-06-01,1895,06,01,UNPROCESSED,0,0,0,,0,2
1895-06-08,1895,06,08,UNPROCESSED,0,0,0,,0,2
1895-06-15,1895,06,15,UNPROCESSED,0,0,0,,0,2
1895-06-22,1895,06,22,UNPROCESSED,0,0,0,,0,2
1895-06-29,1895,06,29,UNPROCESSED,0,0,0,,0,2
1895-07-06,1895,07,06,OCR_COMPLETE,4,4,0,,95,0
1895-07-13,1895,07,13,OCR_COMPLETE,4,4,0,,60,0
1895-07-20,1895,07,20,OCR_COMPLETE,4,4,0,,83,0
1895-07-27,1895,07,27,OCR_COMPLETE,4,4,0,,88,0
1895-08-03,1895,08,03,OCR_COMPLETE,4,4,0,,101,0
1895-08-10,1895,08,10,OCR_COMPLETE,4,4,0,,113,0
1895-08-17,1895,08,17,OCR_COMPLETE,5,5,0,,273,0
1895-08-24,1895,08,24,OCR_COMPLETE,4,4,0,,197,0
1895-08-31,1895,08,31,OCR_COMPLETE,4,4,0,,214,0
1895-09-07,1895,09,07,OCR_COMPLETE,4,4,0,,181,0
1895-09-14,1895,09,14,OCR_COMPLETE,3,3,0,,127,0
1895-09-21,1895,09,21,OCR_COMPLETE,4,4,0,,147,0
1895-09-28,1895,09,28,OCR_COMPLETE,4,4,0,,171,0
1895-10-05,1895,10,05,OCR_COMPLETE,4,4,0,,124,0
1895-10-12,1895,10,12,OCR_COMPLETE,5,5,0,,163,0
1895-10-19,1895,10,19,OCR_COMPLETE,3,3,0,,161,0
1895-10-26,1895,10,26,OCR_COMPLETE,4,4,0,,92,0
1895-11-02,1895,11,02,OCR_COMPLETE,4,4,0,,146,0
1895-11-09,1895,11,09,OCR_COMPLETE,4,4,0,,202,0
1895-11-16,1895,11,16,OCR_COMPLETE,4,4,0,,0,0
1895-11-23,1895,11,23,OCR_COMPLETE,3,3,0,,32,0
1895-11-30,1895,11,30,OCR_COMPLETE,3,3,0,,201,0
1895-12-07,1895,12,07,OCR_COMPLETE,4,4,0,,187,0
1895-12-14,1895,12,14,OCR_COMPLETE,2,2,0,,64,0
1895-12-21,1895,12,21,OCR_COMPLETE,3,3,0,,97,0
1895-12-28,1895,12,28,OCR_COMPLETE,3,3,0,,78,0
1896-01-04,1896,01,04,OCR_COMPLETE,2,2,0,,0,0
1896-01-11,1896,01,11,OCR_COMPLETE,3,3,0,,113,0
1896-01-25,1896,01,25,OCR_COMPLETE,2,2,0,,11,0
1897-01-02,1897,01,02,OCR_COMPLETE,5,5,0,,92,0
1897-01-09,1897,01,09,OCR_COMPLETE,4,4,0,,99,0
1897-01-16,1897,01,16,OCR_COMPLETE,3,3,0,,0,0
1897-01-23,1897,01,23,OCR_COMPLETE,3,3,0,,35,0
1897-01-30,1897,01,30,OCR_COMPLETE,4,4,0,,81,0
1897-02-06,1897,02,06,OCR_COMPLETE,2,2,0,,62,0
1897-02-13,1897,02,13,OCR_COMPLETE,3,3,0,,88,0
1897-02-20,1897,02,20,OCR_COMPLETE,2,2,0,,97,0
1897-02-27,1897,02,27,OCR_COMPLETE,4,4,0,,62,0
1897-03-06,1897,03,06,OCR_COMPLETE,3,3,0,,19,0
1897-03-13,1897,03,13,OCR_COMPLETE,3,3,0,,61,0
1897-03-27,1897,03,27,OCR_COMPLETE,3,3,0,,47,0
1897-04-03,1897,04,03,OCR_COMPLETE,3,3,0,,80,0
1897-04-10,1897,04,10,OCR_COMPLETE,4,4,0,,57,0
1897-04-17,1897,04,17,OCR_COMPLETE,5,5,0,,65,0
1897-04-24,1897,04,24,OCR_COMPLETE,4,4,0,,68,0
1897-05-01,1897,05,01,OCR_COMPLETE,5,5,0,,102,0
1897-05-08,1897,05,08,OCR_COMPLETE,3,3,0,,80,0
1897-05-15,1897,05,15,OCR_COMPLETE,3,3,0,,30,0
1897-05-22,1897,05,22,OCR_COMPLETE,4,4,0,,16,0
1897-05-29,1897,05,29,OCR_COMPLETE,4,4,0,,18,0
1897-06-05,1897,06,05,OCR_COMPLETE,5,5,0,,64,0
1897-06-12,1897,06,12,OCR_COMPLETE,4,4,0,,80,0
1897-06-19,1897,06,19,OCR_COMPLETE,4,4,0,,80,0
1897-06-26,1897,06,26,OCR_COMPLETE,3,3,0,,31,0
1897-07-03,1897,07,03,UNPROCESSED,0,0,0,,0,2
1897-07-10,1897,07,10,UNPROCESSED,0,0,0,,0,2
1897-07-17,1897,07,17,UNPROCESSED,0,0,0,,0,2
1897-07-24,1897,07,24,UNPROCESSED,0,0,0,,0,2
1897-07-31,1897,07,31,UNPROCESSED,0,0,0,,0,2
1897-08-07,1897,08,07,UNPROCESSED,0,0,0,,0,2
1897-08-14,1897,08,14,UNPROCESSED,0,0,0,,0,2
1897-08-21,1897,08,21,UNPROCESSED,0,0,0,,0,2
1897-08-28,1897,08,28,UNPROCESSED,0,0,0,,0,2
1897-09-04,1897,09,04,UNPROCESSED,0,0,0,,0,2
1897-09-11,1897,09,11,UNPROCESSED,0,0,0,,0,2
1897-09-18,1897,09,18,UNPROCESSED,0,0,0,,0,2
1897-09-25,1897,09,25,UNPROCESSED,0,0,0,,0,2
1897-10-02,1897,10,02,UNPROCESSED,0,0,0,,0,2
1897-10-09,1897,10,09,UNPROCESSED,0,0,0,,0,2
1897-10-16,1897,10,16,UNPROCESSED,0,0,0,,0,2
1897-10-23,1897,10,23,UNPROCESSED,0,0,0,,0,2
1897-10-30,1897,10,30,UNPROCESSED,0,0,0,,0,2
1897-11-04,1897,11,04,UNPROCESSED,0,0,0,,0,1
1897-11-06,1897,11,06,UNPROCESSED,0,0,0,,0,1
1897-11-13,1897,11,13,UNPROCESSED,0,0,0,,0,2
1897-11-20,1897,11,20,UNPROCESSED,0,0,0,,0,2
1897-11-27,1897,11,27,UNPROCESSED,0,0,0,,0,2
1897-12-04,1897,12,04,UNPROCESSED,0,0,0,,0,2
1897-12-11,1897,12,11,UNPROCESSED,0,0,0,,0,2
1897-12-18,1897,12,18,UNPROCESSED,0,0,0,,0,2
1897-12-25,1897,12,25,UNPROCESSED,0,0,0,,0,2
1898-01-01,1898,01,01,OCR_COMPLETE,3,3,0,,80,0
1898-01-08,1898,01,08,OCR_COMPLETE,4,4,0,,47,0
1898-01-15,1898,01,15,OCR_COMPLETE,4,4,0,,32,0
1898-01-22,1898,01,22,OCR_COMPLETE,5,5,0,,56,0
1898-01-29,1898,01,29,OCR_COMPLETE,4,4,0,,56,0
1899-01-07,1899,01,07,OCR_COMPLETE,4,4,0,,46,0
1899-01-14,1899,01,14,OCR_COMPLETE,4,4,0,,90,0
1899-01-21,1899,01,21,OCR_COMPLETE,3,3,0,,104,0
1899-01-28,1899,01,28,OCR_COMPLETE,3,3,0,,61,0
1899-02-04,1899,02,04,OCR_COMPLETE,3,3,0,,92,0
1899-02-11,1899,02,11,OCR_COMPLETE,3,3,0,,69,0
1899-02-18,1899,02,18,OCR_COMPLETE,3,3,0,,55,0
1899-02-25,1899,02,25,OCR_COMPLETE,3,3,0,,15,0
1899-03-04,1899,03,04,OCR_COMPLETE,4,4,0,,60,0
1899-03-11,1899,03,11,OCR_COMPLETE,4,4,0,,0,0
1899-04-01,1899,04,01,OCR_COMPLETE,3,3,0,,0,0
1899-04-08,1899,04,08,OCR_COMPLETE,1,1,0,,0,0
1899-04-15,1899,04,15,OCR_COMPLETE,4,4,0,,19,0
1899-04-22,1899,04,22,OCR_COMPLETE,3,3,0,,73,0
1899-04-29,1899,04,29,OCR_COMPLETE,4,4,0,,19,0
1899-05-06,1899,05,06,OCR_COMPLETE,4,4,0,,0,0
1899-05-13,1899,05,13,OCR_COMPLETE,5,5,0,,58,0
1899-05-20,1899,05,20,OCR_COMPLETE,4,4,0,,28,0
1899-06-03,1899,06,03,OCR_COMPLETE,5,5,0,,69,0
1899-06-10,1899,06,10,OCR_COMPLETE,4,4,0,,41,0
1899-06-17,1899,06,17,OCR_COMPLETE,5,5,0,,48,0
1899-06-24,1899,06,24,OCR_COMPLETE,4,4,0,,52,0
1899-07-01,1899,07,01,OCR_COMPLETE,6,6,0,,114,0
1899-07-08,1899,07,08,OCR_COMPLETE,5,5,0,,57,0
1899-07-15,1899,07,15,OCR_COMPLETE,6,6,0,,73,0
1899-07-22,1899,07,22,OCR_COMPLETE,5,5,0,,69,0
1899-07-29,1899,07,29,OCR_COMPLETE,6,6,0,,75,0
1899-08-05,1899,08,05,OCR_COMPLETE,5,5,0,,54,0
1899-08-12,1899,08,12,OCR_COMPLETE,8,8,0,,42,0
1899-08-19,1899,08,19,OCR_COMPLETE,7,7,0,,85,0
1899-08-26,1899,08,26,OCR_COMPLETE,7,7,0,,62,0
1899-09-02,1899,09,02,OCR_COMPLETE,7,7,0,,222,0
1899-09-09,1899,09,09,OCR_COMPLETE,7,7,0,,0,0
1899-09-16,1899,09,16,OCR_COMPLETE,6,6,0,,86,0
1899-09-23,1899,09,23,OCR_COMPLETE,7,7,0,,115,0
1899-09-30,1899,09,30,OCR_COMPLETE,5,5,0,,104,0
1899-10-07,1899,10,07,OCR_COMPLETE,5,5,0,,112,0
1899-10-14,1899,10,14,OCR_COMPLETE,6,6,0,,0,0
1899-10-21,1899,10,21,OCR_COMPLETE,6,6,0,,177,0
1899-10-28,1899,10,28,OCR_COMPLETE,5,5,0,,40,0
1899-11-04,1899,11,04,OCR_COMPLETE,6,6,0,,23,0
1899-11-11,1899,11,11,OCR_COMPLETE,5,5,0,,21,0
1899-11-18,1899,11,18,OCR_COMPLETE,3,3,0,,33,0
1899-11-25,1899,11,25,OCR_COMPLETE,6,6,0,,37,0
1899-12-02,1899,12,02,OCR_COMPLETE,7,7,0,,109,0
1899-12-09,1899,12,09,OCR_COMPLETE,5,5,0,,17,0
1899-12-16,1899,12,16,OCR_COMPLETE,6,6,0,,0,0
1899-12-23,1899,12,23,OCR_COMPLETE,4,4,0,,0,0
1899-12-30,1899,12,30,OCR_COMPLETE,5,5,0,,53,0
1900-01-06,1900,01,06,OCR_COMPLETE,4,4,0,,21,0
1900-01-13,1900,01,13,OCR_COMPLETE,4,4,0,,0,0
1900-01-20,1900,01,20,OCR_COMPLETE,4,4,0,,0,0
1900-01-27,1900,01,27,OCR_COMPLETE,4,4,0,,0,0
