record_id,publication_year,publication_month,publication_day,ship_name,origin_port,destination_port,is_steamship,merchant,source_file,line_number,raw_ocr_line,arrival_year,arrival_month,arrival_day,format_type,confidence
25906,1881.0,August,27.0,Albano,New York,LONDON,True,,18810827p.143_p002.txt,166,"Albano (s)-New York-1,260 staves-Simson & Mason; 1,399 boards, 7 pcs. square ash-H. Hermann",1881.0,Aug,16,condensed,0.9
22057,1881.0,May,14.0,Alsatia,New York,LONDON,True,,18810514p.306_p001.txt,157,J. H. M.—Montego Bay—25 spars—Phillips,1881.0,Mar,29,condensed,0.9
20351,1881.0,January,22.0,Annie J. Marshall,New York,LONDON,False,A. W. Latham & Co.,18810122p.59_p001.txt,120,"14 Annie J. Marshall-New York-4,270 pcs. oak, 627 pcs. walnut, 1,287 pcs. whitewood-A. W. Latham & Co.",1881.0,Dec,22,condensed,0.9
21898,1881.0,May,7.0,Antisana,New York,LONDON,True,Churchill & Sim,18810507p.291_p001.txt,142,"Antisana (s)-New York-3,126 staves-Churchill & Sim; 61 walnut logs-De Clermont & Co.; 20 walnut logs-Order",1881.0,Mar,29,condensed,0.9
24035,1881.0,July,16.0,Assyrian,New York,LONDON,True,,18810716p.48_p002.txt,74,"8 Assyrian (s)-New York-100 logs walnut-Churchill & Sim; 1,425 doors-Bradley & Currier; 343 bdls. headings, 4,070 bdls. staves-H. Tate & Sons",1881.0,Mar,29,condensed,0.9
30439,1881.0,December,24.0,Assyrian Monarch,New York,LONDON,True,,18811224p.418_p001.txt,129,"Assyrian Monarch (s)—New York—22 logs black walnut—Churchill & Sim ; 244 pcs. 684 bdls. lumber, 620 bxs. and 831 doors, 8 logs poplar, 1,354 boards lumber, quantity staves—Order",1881.0,Dec,15,condensed,0.9
22765,1881.0,June,4.0,Assyrian Monarch,New York,LONDON,False,Churchill & Sim,18810604p.352_p001.txt,175,"Assyrian Monarch-New York-2,800 staves, 335 oak planks, 71 logs walnut-Churchill & Sim ; 450 oars-Cunningham, Shaw, & Co. ; 1,118 bdls. hoops-Hay, Sutherland, & Co. ; 1,584 no. 10 bdls. doors-Bradley & Currier",1881.0,Mar,29,condensed,0.9
21207,1881.0,April,9.0,Assyrian Monarch,New York,LONDON,True,,18810409p.236.txt,82,"Assyrian Monarch (s)—New York—143 oars—D. De Pass ; 1,737 staves—Churchill & Sim ; 344 doors—Order",1881.0,Mar,31,condensed,0.9
27331,1881.0,September,17.0,Assyrian Monarch,New York,LONDON,False,,18810917p.198_p002.txt,75,"9 Assyrian Monarch-New York-706 doors-Bradley & Co. ; 1,576 staves-Churchill & Sim ; 1,576 staves-Order",1881.0,Sept,7,condensed,0.9
20527,1881.0,February,5.0,Australia,New York,LONDON,True,,18810205.p.88.txt,60,"29 Australia (s)-New York-1,359 pcs. walnut, 57 bls. lumber-Order",1881.0,Jan,19,condensed,0.9
22056,1881.0,May,14.0,Avlona,New York,LONDON,True,De Clermont & Donner,18810514p.306_p001.txt,156,Avlona (s)—New York—50 logs walnut—De Clermont & Donner ; 402 lancewood spars—B. Hall & Co.,1881.0,Mar,29,condensed,0.9
21147,1881.0,April,2.0,Barcelona,New York,LONDON,True,Tate,18810402p.222.txt,57,"Barcelona (s)—New York—1,540 bls. staves—Tate",1881.0,Mar,19,condensed,0.9
21205,1881.0,April,9.0,Ben Alder,New York,LONDON,True,H. Tate & Sons,18810409p.236.txt,80,"4 Ben Alder (s)—New York—1,581 bls. staves—H. Tate & Sons ; quantity staves—Simson & Mason",1881.0,Mar,31,condensed,0.9
27693,1881.0,September,24.0,Benarty,New York,LONDON,True,H. Dahl & Co.,18810924p.215_p001.txt,184,"16 Benarty (s)-New York-1,329 doors-H. Dahl & Co.",1881.0,Sept,5,condensed,0.9
23023,1881.0,June,11.0,Bengal,New York,LONDON,True,,18810611p.369_p001.txt,174,"7 Bengal (s)-New York-468 lancewood spars -Bernard Hall & Co. ; 1,762 bls., 11,252 coils hoops, 2,740 bls. staves, 876 bls. headings, 3 cars, 54 flitches lumber, 8 poplar logs-Order",1881.0,Mar,29,condensed,0.9
20613,1881.0,February,12.0,Bengloe,New York,LONDON,True,,18810212p.105.txt,66,"Bengloe (s)-New York-2,000 staves-Simson & Mason ; 3,100 staves-Order",1881.0,Jan,19,condensed,0.9
24033,1881.0,July,16.0,Bolivia,New York,LONDON,True,H. Hermann,18810716p.48_p002.txt,72,Bolivia (s)-New York-1 cs 87 bdls. mahogany-H. Hermann,1881.0,Mar,29,condensed,0.9
28268,1881.0,October,8.0,Bolivia,New York,LONDON,True,,18811008p.250_p002.txt,32,"Bolivia (s)-New York-113 pcs. cedar, 575 oars, 2,075 staves, 634 walnut boards-Order",1881.0,Oct,1,condensed,0.9
21892,1881.0,May,7.0,Bucentaur,New York,LONDON,True,McAndrew & Co.,18810507p.291_p001.txt,136,"Bucentaur (s)-New York-2,850 staves-McAndrew & Co.",1881.0,Mar,29,condensed,0.9
30419,1881.0,December,24.0,California,New York,LONDON,True,Churchill & Sim,18811224p.418_p001.txt,107,"California (s)—New York—30 billets oak, 30 billets oak wainscot—Churchill & Sim ; 41 cs. spokes—T. W. Hopton ; 25 crutches mahogany—Order",1881.0,Dec,15,condensed,0.9
23415,1881.0,June,25.0,California,New York,LONDON,True,,18810625p.416_p001.txt,139,"California (s)-New York-1,260 staves-Simson & Mason ; 130 logs walnut, 365 bls. heading-Order",1881.0,Mar,29,condensed,0.9
27683,1881.0,September,24.0,California,New York,LONDON,True,,18810924p.215_p001.txt,172,California (s)-New York-16 walnut logs-Order,1881.0,Sept,5,condensed,0.9
21694,1881.0,April,30.0,Campbell,New York,LONDON,False,,18810430p.275_p001.txt,162,"Campbell-New York-3,531 bls. staves-H. Tate & Sons; 729 doors, 36 bls. mouldings-Bradley & Currier; 176 bls. lumber, 248 bls. scantling-Order",1881.0,Mar,29,condensed,0.9
24933,1881.0,August,6.0,Canada,New York,LONDON,True,,18810806p.98_p002.txt,39,"Canada (s)-New York-2,475 staves, 704 doors-Order",1881.0,Mar,29,condensed,0.9
27983,1881.0,October,1.0,Canada,New York,LONDON,True,,18811001p.234_p001.txt,159,"Sept. 22 Canada (s)—New York—2,180 pipe staves—Order",1881.0,Sept,22,standard_dash,0.9
30093,1881.0,December,3.0,Carnarvon Castle,New York,LONDON,True,,18811203p.374_p001.txt,106,"Carnarvon Castle (s)-New York-1,520 doors-Bradley & Currier; 337 bdls. 9 bxs. mouldings-Holland, McConnell, & Co.; 595 staves-H. Tate & Sons; 789 pcs. walnut, 1,803 pcs. oak, 506 pcs. pine, 55 half-bdls., 2,752 bdls., 7,200 no. staves-Order",1881.0,Nov,10,condensed,0.9
25941,1881.0,August,27.0,Celtic Monarch,New York,LONDON,True,H. Tate & Son,18810827p.143_p003.txt,26,"Celtic Monarch (s)—New York—79 bdls. staves, 356 headings—H. Tate & Son ; 778 staves— Churchill & Sim ; 45 staves—Simson & Mason",1881.0,Aug,16,condensed,0.9
21059,1881.0,March,26.0,Celtic Monarch,New York,LONDON,True,,18810326p.205.txt,57,"19 Celtic Monarch (s)-New York-42 pkgs. joinery, Canadian Timber Co.; 332 doors-J. Patton, jun., & Co.; 2,900 staves-Churchill & Sim",1881.0,Mar,11,condensed,0.9
22062,1881.0,May,14.0,Celtic Monarch,New York,LONDON,True,,18810514p.306_p001.txt,163,"Celtic Monarch (s)—New York—1,536 doors—Bradley & Currier ; 500 staves, 100 logs walnut, 5 logs oak—Churchill & Sim ; 30 bls., 235 srns. bark—C. J. Meier & Co. ; 10 bls. bark—Curling & Co. ; 127 pkgs. bark—Richter",1881.0,Mar,29,condensed,0.9
28296,1881.0,October,8.0,City of Chester,New York,LONDON,True,,18811008p.250_p002.txt,62,4 City of Chester (s)-New York-15 crotches and 2 logs mahogany-Order,1881.0,Oct,1,condensed,0.9
24622,1881.0,July,30.0,City of Limerick,New York,LONDON,True,,18810730p.82_p002.txt,30,"City of Limerick (s)-New York-10 bdls., 1,117 doors, 20 bdls. shutters, 9 boxes wood-Holland, McConnell, & Co. ; 1,988 doors, 114 bdls. poplar lumber-Order",1881.0,Mar,29,condensed,0.9
20273,1881.0,January,15.0,City of Liverpool,New York,LONDON,True,G. Smith,18810115p.39.txt,75,City of Liverpool (s)-New York-2 g. m. staves-G. Smith,1881.0,Dec,22,condensed,0.9
21064,1881.0,March,26.0,City of Liverpool,New York,LONDON,True,H. Tate & Sons,18810326p.205.txt,62,"City of Liverpool (s)-New York-298 bdls. headings, 3,648 coils hoops, 377 staves-H. Tate & Sons; 17 walnut logs-Order",1881.0,Mar,11,condensed,0.9
21918,1881.0,May,7.0,City of Liverpool,New York,LONDON,True,"Holland, McConnell & Co.",18810507p.291_p001.txt,164,"4 City of Liverpool (s)-New York-1,281 no., 356 bls. doors, 6 bxs. balusters, 10 bls. sashes-Holland, McConnell & Co.; 12 logs walnut-Order",1881.0,Mar,29,condensed,0.9
28884,1881.0,October,29.0,City of London,New York,LONDON,True,,18811029p.295_p002.txt,106,City of London (s)-New York-80 logs cedar-Order,1881.0,Oct,3,condensed,0.9
29108,1881.0,November,5.0,City of Perth,New York,LONDON,False,,18811105p.310_p002.txt,23,"City of Perth-New York-816 bdls. headings, 2,397 bdls. staves-N. Tate & Son; 340 bdls. walnut and whitewood, 3 bxs. 521 bdls. lumber, 490 bdls. 919 boards, 185 planks-H. Herrmann; 1,148 no. 77 bdls. doors-Holland & Co.; 1,714 doors-Bradley & Currier; 3,600 staves-Simson & Mason; 448 bdls. headings, 5,004 bdls. staves, 36 bxs. 489 bdls. mouldings-Order",1881.0,Oct,3,condensed,0.9
30104,1881.0,December,3.0,Commodore,New York,LONDON,True,,18811203p.374_p001.txt,118,"Commodore (s)-New York-1,100 sleepers, 1,431 doz. blocks-Order",1881.0,Nov,10,condensed,0.9
22755,1881.0,June,4.0,Cosmopolitan,New York,LONDON,True,,18810604p.352_p001.txt,165,"Cosmopolitan (s)-New York-4,927 ash oars-Order",1881.0,Mar,29,condensed,0.9
20624,1881.0,February,12.0,Dallam Tower,New York,LONDON,True,Simson & Mason,18810212p.105.txt,78,"Dallam Tower (s)-New York-2,400 staves-Simson & Mason ; 21 logs cedar-Order",1881.0,Jan,19,condensed,0.9
21897,1881.0,May,7.0,Daphne,New York,LONDON,False,Churchill & Sim,18810507p.291_p001.txt,141,"Daphne-New York-3,821 staves, 470 logs walnut, 38 logs hickory, 35 logs whitewood, 50 billets wainscot oak-Churchill & Sim",1881.0,Mar,29,condensed,0.9
25939,1881.0,August,27.0,Denmark,New York,LONDON,True,,18810827p.143_p003.txt,24,"Denmark (s)—New York—1,693 staves—Order",1881.0,Aug,16,condensed,0.9
21146,1881.0,April,2.0,Denmark,New York,LONDON,True,H. Isup & Co.,18810402p.222.txt,56,"25 Denmark (s)—New York—176 pkgs. lumber, 23 lds. mahogany—H. Isup & Co.",1881.0,Mar,19,condensed,0.9
23847,1881.0,July,9.0,Egyptian,New York,LONDON,True,,18810709p.32_p002.txt,203,"2 Egyptian (s)-New York-849 bdls. staves, 360",1881.0,Mar,29,condensed,0.9
22512,1881.0,May,28.0,Egyptian Monarch,New York,LONDON,True,,18810528p.336_p001.txt,108,"Egyptian Monarch (s) - New York-75 logs walnut, 1,000 staves-Churchill & Sim ; 1,860 bdls. staves, 617 bdls. hoops-Hay & Co.",1881.0,Mar,29,condensed,0.9
20536,1881.0,February,5.0,Elysia,New York,LONDON,True,,18810205.p.88.txt,72,"Elysia (s)-New York-236 boards, 180 pcs. walnut, 32 bdls. wood, 148 bdls. lumber-Order",1881.0,Jan,19,condensed,0.9
23179,1881.0,June,18.0,Elysia,New York,LONDON,True,,18810618p.388_p002.txt,61,Elysia (s)-New York-529 walnut boards-Order,1881.0,Mar,29,condensed,0.9
22051,1881.0,May,14.0,Erin,New York,LONDON,True,,18810514p.306_p001.txt,151,"Erin (s)—New York—535 bls. barrel heads, 215 bls. box shooks, 61 bdls. hoops, 2,930 bdls., 4,172 no. staves—Order",1881.0,Mar,29,condensed,0.9
20614,1881.0,February,12.0,Escambia,New York,LONDON,True,,18810212p.105.txt,67,"4 Escambia (s)-New York-1,788 bdls. staves, 200 logs cedar-Order",1881.0,Jan,19,condensed,0.9
20929,1881.0,March,12.0,Euphrates,New York,LONDON,True,,18810312p.175.txt,89,"Euphrates (s)—New York—126 bdls. hoops, 1,150 bdls. staves—Order",1881.0,Mar,3,condensed,0.9
29608,1881.0,November,12.0,Euphrates,New York,LONDON,True,,18811112p.324_p002.txt,73,"Euphrates (s)-New York-1,700 staves-Churchill & Sim ; 202 bdls. headings, 9,382 bdls. staves, 3 logs maple-Order",1881.0,Nov,2,condensed,0.9
20697,1881.0,February,19.0,Faraday,New York,LONDON,True,,18810219p.123.txt,112,"Faraday (s)-New York-1,050 staves-Simson & Mason ; 608 bls. headings, 176 bls. staves, 10,500 coils hoops-H. Tate & Sons ; 2,140 coils hoops-White, Burnell, & Co. ; 411 lancewood spars, 156 pcs. cooowlawood, 7,305 bls. staves, 517 bdls. hoops-Order",1881.0,Jan,19,condensed,0.9
24621,1881.0,July,30.0,France,New York,LONDON,True,,18810730p.82_p002.txt,29,"26 France (s)-New York-2,459 staves-Order",1881.0,Mar,29,condensed,0.9
29115,1881.0,November,5.0,France,New York,LONDON,True,,18811105p.310_p002.txt,30,"France (s)-New York-1,555 pcs. walnut lumber-Churchill & Sim; 3,404 staves-Order",1881.0,Oct,3,condensed,0.9
23027,1881.0,June,11.0,Galatea,New York,LONDON,True,,18810611p.369_p001.txt,178,"Galatea (s)-New York-2,520 staves-Simson & Mason ; 6,675 oars, 33 logs walnut-Order",1881.0,Mar,29,condensed,0.9
29627,1881.0,November,12.0,Galatia,New York,LONDON,True,Churchill,18811112p.324_p002.txt,93,Galatia (s)-New York-50 logs walnut-Churchill,1881.0,Nov,2,condensed,0.9
21489,1881.0,April,23.0,Ganges,New York,LONDON,True,Bradley & Currier,18810423p.261_p001.txt,176,Ganges (s)—New York—604 doors—Bradley & Currier ; 72 logs walnut—Order,1881.0,Mar,29,condensed,0.9
24272,1881.0,July,23.0,Germanie,New York,LONDON,True,,18810723p.64_p002.txt,4,"Germanie (s)-New York-1,200 staves-Order",1881.0,Mar,29,condensed,0.9
20994,1881.0,March,19.0,Glenfinlas,New York,LONDON,True,,18810319p.188.txt,60,"11 Glenfinlas (s)—New York—20 bdls. staves—B. mann & Co.; 5,400 staves—Simson & Co.",1881.0,Mar,10,condensed,0.9
21681,1881.0,April,30.0,Glenroy,New York,LONDON,True,Simson & Mason,18810430p.275_p001.txt,149,"Glenroy (s)-New York-3,060 hhd. staves-Simson & Mason; 500 oars-Cunningham, Shaw, & Co.; 2 logs maple, 6 cars lumber, 634 pcs. oak-Order",1881.0,Mar,29,condensed,0.9
22528,1881.0,May,28.0,Govino,New York,LONDON,True,,18810528p.336_p001.txt,124,Govino (s)-New York-33 walnut logs-Order,1881.0,Mar,29,condensed,0.9
22756,1881.0,June,4.0,Greece,New York,LONDON,True,,18810604p.352_p001.txt,166,"Greece (s)-New York-3,156 staves-Order",1881.0,Mar,29,condensed,0.9
21699,1881.0,April,30.0,Hunter,New York,LONDON,True,Simson & Mason,18810430p.275_p001.txt,167,"Hunter (s)-New York-1,620 staves-Simson & Mason; 253 bls. headings-H. Tate & Sons; 1,377 bls. staves, 6,155 bls. hoops-Order",1881.0,Mar,29,condensed,0.9
20623,1881.0,February,12.0,Illinois,New York,LONDON,False,,18810212p.105.txt,77,"Illinois-New York-442 doors, 267 bdls. mouldings, 255 bdls. headings, 132 bdls. staves-Order",1881.0,Jan,19,condensed,0.9
20121,1881.0,January,1.0,Jeanie Landles,New York,LONDON,False,,18810101p.10.txt,76,"Jeanie Landles—New York—118 bls. mouldings—Rankin & Drummond; 1,725 staves—Order",1881.0,Dec,23,condensed,0.9
21311,1881.0,April,16.0,Jeranos,New York,LONDON,True,,18810416p.249_p001.txt,84,Jeranos (s)-New York-3 cars lumber-Order,1881.0,Mar,29,condensed,0.9
20616,1881.0,February,12.0,John Hickman,New York,LONDON,False,,18810212p.105.txt,69,"5 John Hickman-New York-7,010 staves-Churchill & Sim ; 1,243 doors-Holland, McConnell, & Co. ; 1,510 bdls. staves, 400 spars-Order",1881.0,Jan,19,condensed,0.9
21474,1881.0,April,23.0,Karo,New York,LONDON,True,De Clermont,18810423p.261_p001.txt,160,Karo (s)—New York—18 walnut logs—De Clermont ; 736 staves—Churchill & Sim,1881.0,Mar,29,condensed,0.9
21671,1881.0,April,30.0,Livonia,New York,LONDON,True,,18810430p.275_p001.txt,139,"23 Livonia (s)-New York-5,324 bls. staves-H. Tate & Sons; 1,000 oars-Order",1881.0,Mar,29,condensed,0.9
24076,1881.0,July,16.0,Lizard,New York,LONDON,True,"With, Webster & Co.",18810716p.48_p002.txt,117,"Lizard (s)-New York-450 pcs. oak timber-With, Webster & Co.",1881.0,Mar,29,condensed,0.9
26291,1881.0,September,3.0,Lord of the Isles,New York,LONDON,True,,18810903p.160_p002.txt,72,"Lord of the Isles (s)-New York-2,520 staves-Order; 3,523 no. 65 bdls. doors, 529 bdls. mouldings, 5 bxs. balusters-Hul'and, McConnell, & Co.; 176 pkgs. lumber-Order",1881.0,Aug,22,condensed,0.9
24074,1881.0,July,16.0,Lottie Warren,New York,LONDON,False,,18810716p.48_p002.txt,115,"Lottie Warren-New York-98 doors, 13 bdls. 2 boxes balusters, 544 bdls. mouldings-Holland, McConnell, & Co.; 75 oars, 400 handspikes-Cunningham, Shaw, & Co.; 12 logs oak-Dottridge Bros.; 53 oak flitches, 4,855 pcs. 120 bdls. 187 pcs. poplar boards, 129 pcs. walnut, 76 squares poplar, 1,820 walnut squares, 2,400 bdls. boards-H. Hermann; 35 walnut boards, 35 1,119 bdls. hoops-H. Tate & Sons",1881.0,Mar,29,condensed,0.9
28863,1881.0,October,29.0,Lydian Monarch,New York,LONDON,True,Churchill & Sim,18811029p.295_p002.txt,85,"Lydian Monarch (s)-New York-3,531 staves-Churchill & Sim ; 501 doors-Bradley",1881.0,Oct,3,condensed,0.9
20109,1881.0,January,1.0,Marion,New York,LONDON,True,,18810101p.10.txt,62,Marion (s)—New York—200 spars—Order,1881.0,Dec,23,condensed,0.9
21706,1881.0,April,30.0,Marion,New York,LONDON,False,W. H. Jenkins & Son,18810430p.275_p001.txt,174,"Marion-New York-2,708 doors-W. H. Jenkins & Son; 325 poles-Order",1881.0,Mar,29,condensed,0.9
20932,1881.0,March,12.0,Mary Louisa,New York,LONDON,True,,18810312p.175.txt,92,"Mary Louisa (s)—New York—23 logs maple, 1,257 bdls. staves, 72 bdls. headings, 467 bdls. hoops—Order",1881.0,Mar,3,condensed,0.9
21696,1881.0,April,30.0,Milanese,New York,LONDON,True,H. Tate & Sons,18810430p.275_p001.txt,164,"Milanese (s)-New York-7,733 coils hoops, 1,750 bls. staves, 224 bls. headings-H. Tate & Sons",1881.0,Mar,29,condensed,0.9
20993,1881.0,March,19.0,Monarch,New York,LONDON,False,,18810319p.188.txt,59,"Monarch—New York—255 crotchets, 1,772 no. 25 bdls. doors—Order",1881.0,Mar,10,condensed,0.9
27702,1881.0,September,24.0,Moray,New York,LONDON,True,,18810924p.215_p001.txt,194,"Moray (s)-New York-2,340 staves-Simson & Mason; 31 logs whitewood, 1 c. lumber-Churchill & Sim; 63 logs satinwood, 1,940 pcs. pine-Order",1881.0,Sept,5,condensed,0.9
20846,1881.0,March,5.0,Newminster,New York,LONDON,True,,18810305p.156.txt,84,"25 Newminster (s)-New York-23 logs maple, 152 lancewood spars, 676 bdls and 940 no. staves -Order",1881.0,Feb,17,condensed,0.9
21310,1881.0,April,16.0,North Durham,New York,LONDON,True,Bernard Hall,18810416p.249_p001.txt,83,North Durham (s)-New York-461 lancewood spars-Bernard Hall,1881.0,Mar,29,condensed,0.9
20116,1881.0,January,1.0,Nymphen,New York,LONDON,False,,18810101p.10.txt,71,"Nymphen—New York—80 logs black walnut, 5,500 staves, 138 logs wood—Churchill & Sim; 1,800 bdls. staves—H. Tate & Sons; 2,745 doors, 786 pkgs. mouldings, 189 bdls. lumber, 3,012 pcs. wood—Order",1881.0,Dec,23,condensed,0.9
20126,1881.0,January,1.0,Oberon,New York,LONDON,True,,18810101p.10.txt,81,"Oberon (s)—New York—978 bdls. moulding, 127 bdls. 2,540 no. doors—Holland, McConnell, & Co.; 1,200 no. 4,478 bdls. staves, 1,494 bdls. hoops, 253 bdls. headings—Order",1881.0,Dec,23,condensed,0.9
28258,1881.0,October,8.0,Oxfordshire,New York,LONDON,True,,18811008p.250_p002.txt,20,"30 Oxfordshire (s)-New York-497 boards-H. Herr-mann ; 1,171 doors-Bradley & Currier",1881.0,Oct,1,condensed,0.9
25178,1881.0,August,13.0,Pascal,New York,LONDON,True,,18810813p.114_p002.txt,6,"Pascal (s)-New York-3,600 staves-Simson & Mason ; 580 boards walnut, 129 bdls. lumber-H. Herrmann",1881.0,Mar,29,condensed,0.9
20617,1881.0,February,12.0,Pembroke Castle,New York,LONDON,False,,18810212p.105.txt,71,"Pembroke Castle-New York-3,462 staves, 23 pkgs. wood, 2,282 doors-Order",1881.0,Jan,19,condensed,0.9
20110,1881.0,January,1.0,Queen,New York,LONDON,True,vitæ—Order,18810101p.10.txt,63,"24 Queen (s)—New York—5,930 staves, 396 pcs. lignum-vitæ—Order",1881.0,Dec,23,condensed,0.9
27748,1881.0,September,24.0,Radnorshire,New York,LONDON,True,,18810924p.215_p002.txt,32,"Radnorshire (s)-New York-4,800 staves, 67 cs. spokes, 740 pcs., 213 bdls. lumber, 9 logs whitewood, 234 pcs. oak plank-Order",1881.0,Sept,5,condensed,0.9
22511,1881.0,May,28.0,Reformer,New York,LONDON,False,,18810528p.336_p001.txt,107,"20 Reformer-New York-107 logs walnut-Order ; 2,040 bdls. staves-Tate & Sons ; 1,937 bdls. staves, 456 bdls. hoops-Hay, Sutherland",1881.0,Mar,29,condensed,0.9
28295,1881.0,October,8.0,Republic,New York,LONDON,True,,18811008p.250_p002.txt,61,Republic (s)-New York-300 staves-Order,1881.0,Oct,1,condensed,0.9
21073,1881.0,March,26.0,Roraima,New York,LONDON,True,,18810326p.205.txt,72,"23 Roraima (s)-New York-300 oars-Cunningham, Shaw & Co; 10 bls. 1,227 doors-Holland, McConnell & Co.; 7 cars lumber-T. Meadows & Co.; 10,925 coils hoops-H. Tate & Sons",1881.0,Mar,11,condensed,0.9
21712,1881.0,April,30.0,Roslin Castle,New York,LONDON,True,,18810430p.275_p001.txt,180,"Roslin Castle (s)-New York-11 bls., 5,270 doors, 38 boxes, 1,892 bls. mouldings, 11 boxes balusters, 269 pcs. walnut-Holland, McConnell, & Co.; 1,416 doors, 2,212 staves-Order",1881.0,Mar,29,condensed,0.9
27698,1881.0,September,24.0,Rossmore,New York,LONDON,False,,18810924p.215_p001.txt,190,"17 Rossmore-New York-2,200 doors, 5 bxs. balusters-Holland, McComas & Co.; 31 logs whitewood, 12 logs ash-Order",1881.0,Sept,5,condensed,0.9
25550,1881.0,August,20.0,Saxon Monarch,New York,LONDON,True,Simson & Mason,18810820p.130_p002.txt,24,"Saxon Monarch (s)-New York-1,260 staves-Simson & Mason; 77 bdls. staves-H. Tate",1881.0,Aug,8,condensed,0.9
21061,1881.0,March,26.0,Scotia,New York,LONDON,False,,18810326p.205.txt,59,"Scotia-New York-150 logs walnut, 25 logs whitewood-Churchill & Sim; 86 bls., 5,200 no. doors-Holland, McConnell, & Co.; 404 logs cedar-Order",1881.0,Mar,11,condensed,0.9
21143,1881.0,April,2.0,Scotia,New York,LONDON,True,,18810402p.222.txt,53,"Mar. 19 Scotia (s)—New York—86 bls, 4,627 pkgs, 302 bls. mouldings—Bradley & Currier ; 641 doors, &c.—Holland, McConnell, & Co.",1881.0,Mar,19,standard_dash,0.9
20850,1881.0,March,5.0,Sidonian,New York,LONDON,True,,18810305p.156.txt,88,Sidonian (s)-New York-826 pcs. walnut-Order,1881.0,Feb,17,condensed,0.9
30066,1881.0,December,3.0,Surrey,New York,LONDON,True,H. Herrmann,18811203p.374_p001.txt,79,Surrey (s)-New York-133 bdls. lumber-H. Herrmann,1881.0,Nov,10,condensed,0.9
29618,1881.0,November,12.0,Surrey,New York,LONDON,True,,18811112p.324_p002.txt,84,"Surrey (s)-New York-15,000 staves-Simson & Hooper ; 1,195 bdls. staves-F. Englehardt & Co. ; 2,397 bdls. staves, 1,127 bdls. headings-H. Tate & Sons ; 700 doors-W. Angus & Co. ; 3,134 doors-Bradley & Currier ; 8 bxs. 525 bdls. lumber-H. Herrmann ; 2,421 boards",1881.0,Nov,2,condensed,0.9
25579,1881.0,August,20.0,The Queen,New York,LONDON,True,,18810820p.130_p002.txt,54,"The Queen (s)-New York-701 pcs., 169 bdls. lumber-H. Herrmann; 2,438 staves-Order",1881.0,Aug,8,condensed,0.9
21711,1881.0,April,30.0,Tobique,New York,LONDON,False,"Holland, McConnell",18810430p.275_p001.txt,179,"Tobique-New York-604 bls. mouldings, 7 bls. balusters, 1,231 doors-Holland, McConnell",1881.0,Mar,29,condensed,0.9
21895,1881.0,May,7.0,Travancore,New York,LONDON,True,Bradley & Currier,18810507p.291_p001.txt,139,Travancore (s)-New York-602 bdls. mouldings-Bradley & Currier,1881.0,Mar,29,condensed,0.9
20352,1881.0,January,22.0,Utopia,New York,LONDON,True,,18810122p.59_p001.txt,121,"Utopia (s)-New York-172 bls. lumber, 131 logs walnut, 2 logs cherry-Order",1881.0,Dec,22,condensed,0.9
23018,1881.0,June,11.0,Utopia,New York,LONDON,True,,18810611p.369_p001.txt,169,"4 Utopia (s)-New York-53 flitches, 16 logs walnut -Order",1881.0,Mar,29,condensed,0.9
20925,1881.0,March,12.0,Utopia,New York,LONDON,True,,18810312p.175.txt,85,"4 Utopia (s)—New York—118 pcs. oak flitches, 341 walnut planks—Order",1881.0,Mar,3,condensed,0.9
30101,1881.0,December,3.0,Utopia,New York,LONDON,True,,18811203p.374_p001.txt,115,"30 Utopia (s)-New York-20 pcs., 6 pkgs. walnut-W. Walker; 1,031 logs walnut-Churchill & Sim; 2 t. rosewood-Simson & Mason",1881.0,Nov,10,condensed,0.9
20620,1881.0,February,12.0,Victoria,New York,LONDON,True,,18810212p.105.txt,74,Victoria (s)-New York-68 bdls. lumber-Order,1881.0,Jan,19,condensed,0.9
22320,1881.0,May,21.0,Victoria,New York,LONDON,True,,18810521p.322_p001.txt,131,Victoria (s)-New York-14 cars lumber-Order,1881.0,Mar,29,condensed,0.9
28848,1881.0,October,29.0,Victoria,New York,LONDON,True,Churchill & Sim,18811029p.295_p002.txt,69,"Victoria (s)-New York-50 logs black walnut, 20 billets oak wainscot-Churchill & Sim",1881.0,Oct,3,condensed,0.9
